panel,arm,regime,bin_left,bin_right,density,cvar95,cvar_lo,cvar_hi,delta_vs_bs,p_holm,n_windows,cost_bp,run_id,seed,config_hash,data_sha256
hist,bs_delta_vix,all,-0.02600317929021844,-0.02387077265762312,0.0,,,,,,191,10,4d30f29e,,4d30f29e856c723553f51b3322a494aade39cfaaec82e8856095bac11499041d,16586c461e57039abdce31626319b19132c55c2ff96f9b22a1a755c61807d4f4;f11a04ca5ede5f998d7bd6ff9ac44b9c26d1e013343e4dfe95f90e75d9a5cb9a
hist,bs_delta_vix,all,-0.02387077265762312,-0.0217383660250278,0.0,,,,,,191,10,4d30f29e,,4d30f29e856c723553f51b3322a494aade39cfaaec82e8856095bac11499041d,16586c461e57039abdce31626319b19132c55c2ff96f9b22a1a755c61807d4f4;f11a04ca5ede5f998d7bd6ff9ac44b9c26d1e013343e4dfe95f90e75d9a5cb9a
hist,bs_delta_vix,all,-0.0217383660250278,-0.01960595939243248,0.0,,,,,,191,10,4d30f29e,,4d30f29e856c723553f51b3322a494aade39cfaaec82e8856095bac11499041d,16586c461e57039abdce31626319b19132c55c2ff96f9b22a1a755c61807d4f4;f11a04ca5ede5f998d7bd6ff9ac44b9c26d1e013343e4dfe95f90e75d9a5cb9a
hist,bs_delta_vix,all,-0.01960595939243248,-0.017473552759837162,2.4552550222884393,,,,,,191,10,4d30f29e,,4d30f29e856c723553f51b3322a494aade39cfaaec82e8856095bac11499041d,16586c461e57039abdce31626319b19132c55c2ff96f9b22a1a755c61807d4f4;f11a04ca5ede5f998d7bd6ff9ac44b9c26d1e013343e4dfe95f90e75d9a5cb9a
hist,bs_delta_vix,all,-0.017473552759837162,-0.015341146127241842,2.4552550222884393,,,,,,191,10,4d30f29e,,4d30f29e856c723553f51b3322a494aade39cfaaec82e8856095bac11499041d,16586c461e57039abdce31626319b19132c55c2ff96f9b22a1a755c61807d4f4;f11a04ca5ede5f998d7bd6ff9ac44b9c26d1e013343e4dfe95f90e75d9a5cb9a
hist,bs_delta_vix,all,-0.015341146127241842,-0.013208739494646522,0.0,,,,,,191,10,4d30f29e,,4d30f29e856c723553f51b3322a494aade39cfaaec82e8856095bac11499041d,16586c461e57039abdce31626319b19132c55c2ff96f9b22a1a755c61807d4f4;f11a04ca5ede5f998d7bd6ff9ac44b9c26d1e013343e4dfe95f90e75d9a5cb9a
hist,bs_delta_vix,all,-0.013208739494646522,-0.011076332862051202,14.731530133730637,,,,,,191,10,4d30f29e,,4d30f29e856c723553f51b3322a494aade39cfaaec82e8856095bac11499041d,16586c461e57039abdce31626319b19132c55c2ff96f9b22a1a755c61807d4f4;f11a04ca5ede5f998d7bd6ff9ac44b9c26d1e013343e4dfe95f90e75d9a5cb9a
hist,bs_delta_vix,all,-0.011076332862051202,-0.008943926229455883,12.276275111442198,,,,,,191,10,4d30f29e,,4d30f29e856c723553f51b3322a494aade39cfaaec82e8856095bac11499041d,16586c461e57039abdce31626319b19132c55c2ff96f9b22a1a755c61807d4f4;f11a04ca5ede5f998d7bd6ff9ac44b9c26d1e013343e4dfe95f90e75d9a5cb9a
hist,bs_delta_vix,all,-0.008943926229455883,-0.006811519596860563,29.463060267461273,,,,,,191,10,4d30f29e,,4d30f29e856c723553f51b3322a494aade39cfaaec82e8856095bac11499041d,16586c461e57039abdce31626319b19132c55c2ff96f9b22a1a755c61807d4f4;f11a04ca5ede5f998d7bd6ff9ac44b9c26d1e013343e4dfe95f90e75d9a5cb9a
hist,bs_delta_vix,all,-0.006811519596860563,-0.004679112964265243,73.65765066865319,,,,,,191,10,4d30f29e,,4d30f29e856c723553f51b3322a494aade39cfaaec82e8856095bac11499041d,16586c461e57039abdce31626319b19132c55c2ff96f9b22a1a755c61807d4f4;f11a04ca5ede5f998d7bd6ff9ac44b9c26d1e013343e4dfe95f90e75d9a5cb9a
hist,bs_delta_vix,all,-0.004679112964265243,-0.0025467063316699234,112.94173102526821,,,,,,191,10,4d30f29e,,4d30f29e856c723553f51b3322a494aade39cfaaec82e8856095bac11499041d,16586c461e57039abdce31626319b19132c55c2ff96f9b22a1a755c61807d4f4;f11a04ca5ede5f998d7bd6ff9ac44b9c26d1e013343e4dfe95f90e75d9a5cb9a
hist,bs_delta_vix,all,-0.0025467063316699234,-0.0004142996990746037,88.38918080238382,,,,,,191,10,4d30f29e,,4d30f29e856c723553f51b3322a494aade39cfaaec82e8856095bac11499041d,16586c461e57039abdce31626319b19132c55c2ff96f9b22a1a755c61807d4f4;f11a04ca5ede5f998d7bd6ff9ac44b9c26d1e013343e4dfe95f90e75d9a5cb9a
hist,bs_delta_vix,all,-0.0004142996990746037,0.001718106933520716,36.828825334326595,,,,,,191,10,4d30f29e,,4d30f29e856c723553f51b3322a494aade39cfaaec82e8856095bac11499041d,16586c461e57039abdce31626319b19132c55c2ff96f9b22a1a755c61807d4f4;f11a04ca5ede5f998d7bd6ff9ac44b9c26d1e013343e4dfe95f90e75d9a5cb9a
hist,bs_delta_vix,all,0.001718106933520716,0.003850513566116036,36.828825334326595,,,,,,191,10,4d30f29e,,4d30f29e856c723553f51b3322a494aade39cfaaec82e8856095bac11499041d,16586c461e57039abdce31626319b19132c55c2ff96f9b22a1a755c61807d4f4;f11a04ca5ede5f998d7bd6ff9ac44b9c26d1e013343e4dfe95f90e75d9a5cb9a
hist,bs_delta_vix,all,0.003850513566116036,0.005982920198711356,22.097295200595955,,,,,,191,10,4d30f29e,,4d30f29e856c723553f51b3322a494aade39cfaaec82e8856095bac11499041d,16586c461e57039abdce31626319b19132c55c2ff96f9b22a1a755c61807d4f4;f11a04ca5ede5f998d7bd6ff9ac44b9c26d1e013343e4dfe95f90e75d9a5cb9a
hist,bs_delta_vix,all,0.005982920198711356,0.008115326831306675,9.821020089153757,,,,,,191,10,4d30f29e,,4d30f29e856c723553f51b3322a494aade39cfaaec82e8856095bac11499041d,16586c461e57039abdce31626319b19132c55c2ff96f9b22a1a755c61807d4f4;f11a04ca5ede5f998d7bd6ff9ac44b9c26d1e013343e4dfe95f90e75d9a5cb9a
hist,bs_delta_vix,all,0.008115326831306675,0.010247733463901995,9.821020089153757,,,,,,191,10,4d30f29e,,4d30f29e856c723553f51b3322a494aade39cfaaec82e8856095bac11499041d,16586c461e57039abdce31626319b19132c55c2ff96f9b22a1a755c61807d4f4;f11a04ca5ede5f998d7bd6ff9ac44b9c26d1e013343e4dfe95f90e75d9a5cb9a
hist,bs_delta_vix,all,0.010247733463901995,0.012380140096497315,2.4552550222884393,,,,,,191,10,4d30f29e,,4d30f29e856c723553f51b3322a494aade39cfaaec82e8856095bac11499041d,16586c461e57039abdce31626319b19132c55c2ff96f9b22a1a755c61807d4f4;f11a04ca5ede5f998d7bd6ff9ac44b9c26d1e013343e4dfe95f90e75d9a5cb9a
hist,bs_delta_vix,all,0.012380140096497315,0.014512546729092635,2.4552550222884393,,,,,,191,10,4d30f29e,,4d30f29e856c723553f51b3322a494aade39cfaaec82e8856095bac11499041d,16586c461e57039abdce31626319b19132c55c2ff96f9b22a1a755c61807d4f4;f11a04ca5ede5f998d7bd6ff9ac44b9c26d1e013343e4dfe95f90e75d9a5cb9a
hist,bs_delta_vix,all,0.014512546729092635,0.016644953361687954,4.910510044576879,,,,,,191,10,4d30f29e,,4d30f29e856c723553f51b3322a494aade39cfaaec82e8856095bac11499041d,16586c461e57039abdce31626319b19132c55c2ff96f9b22a1a755c61807d4f4;f11a04ca5ede5f998d7bd6ff9ac44b9c26d1e013343e4dfe95f90e75d9a5cb9a
hist,bs_delta_vix,all,0.016644953361687954,0.018777359994283274,0.0,,,,,,191,10,4d30f29e,,4d30f29e856c723553f51b3322a494aade39cfaaec82e8856095bac11499041d,16586c461e57039abdce31626319b19132c55c2ff96f9b22a1a755c61807d4f4;f11a04ca5ede5f998d7bd6ff9ac44b9c26d1e013343e4dfe95f90e75d9a5cb9a
hist,bs_delta_vix,all,0.018777359994283274,0.020909766626878594,0.0,,,,,,191,10,4d30f29e,,4d30f29e856c723553f51b3322a494aade39cfaaec82e8856095bac11499041d,16586c461e57039abdce31626319b19132c55c2ff96f9b22a1a755c61807d4f4;f11a04ca5ede5f998d7bd6ff9ac44b9c26d1e013343e4dfe95f90e75d9a5cb9a
hist,bs_delta_vix,all,0.020909766626878594,0.023042173259473914,0.0,,,,,,191,10,4d30f29e,,4d30f29e856c723553f51b3322a494aade39cfaaec82e8856095bac11499041d,16586c461e57039abdce31626319b19132c55c2ff96f9b22a1a755c61807d4f4;f11a04ca5ede5f998d7bd6ff9ac44b9c26d1e013343e4dfe95f90e75d9a5cb9a
hist,bs_delta_vix,all,0.023042173259473914,0.025174579892069233,0.0,,,,,,191,10,4d30f29e,,4d30f29e856c723553f51b3322a494aade39cfaaec82e8856095bac11499041d,16586c461e57039abdce31626319b19132c55c2ff96f9b22a1a755c61807d4f4;f11a04ca5ede5f998d7bd6ff9ac44b9c26d1e013343e4dfe95f90e75d9a5cb9a
hist,bs_delta_vix,all,0.025174579892069233,0.027306986524664553,2.4552550222884393,,,,,,191,10,4d30f29e,,4d30f29e856c723553f51b3322a494aade39cfaaec82e8856095bac11499041d,16586c461e57039abdce31626319b19132c55c2ff96f9b22a1a755c61807d4f4;f11a04ca5ede5f998d7bd6ff9ac44b9c26d1e013343e4dfe95f90e75d9a5cb9a
hist,bs_delta_vix,all,0.027306986524664553,0.029439393157259873,0.0,,,,,,191,10,4d30f29e,,4d30f29e856c723553f51b3322a494aade39cfaaec82e8856095bac11499041d,16586c461e57039abdce31626319b19132c55c2ff96f9b22a1a755c61807d4f4;f11a04ca5ede5f998d7bd6ff9ac44b9c26d1e013343e4dfe95f90e75d9a5cb9a
hist,bs_delta_vix,all,0.029439393157259873,0.03157179978985519,0.0,,,,,,191,10,4d30f29e,,4d30f29e856c723553f51b3322a494aade39cfaaec82e8856095bac11499041d,16586c461e57039abdce31626319b19132c55c2ff96f9b22a1a755c61807d4f4;f11a04ca5ede5f998d7bd6ff9ac44b9c26d1e013343e4dfe95f90e75d9a5cb9a
hist,bs_delta_vix,all,0.03157179978985519,0.03370420642245051,2.4552550222884393,,,,,,191,10,4d30f29e,,4d30f29e856c723553f51b3322a494aade39cfaaec82e8856095bac11499041d,16586c461e57039abdce31626319b19132c55c2ff96f9b22a1a755c61807d4f4;f11a04ca5ede5f998d7bd6ff9ac44b9c26d1e013343e4dfe95f90e75d9a5cb9a
hist,bs_delta_vix,all,0.03370420642245051,0.03583661305504583,0.0,,,,,,191,10,4d30f29e,,4d30f29e856c723553f51b3322a494aade39cfaaec82e8856095bac11499041d,16586c461e57039abdce31626319b19132c55c2ff96f9b22a1a755c61807d4f4;f11a04ca5ede5f998d7bd6ff9ac44b9c26d1e013343e4dfe95f90e75d9a5cb9a
hist,bs_delta_vix,all,0.03583661305504583,0.03796901968764115,0.0,,,,,,191,10,4d30f29e,,4d30f29e856c723553f51b3322a494aade39cfaaec82e8856095bac11499041d,16586c461e57039abdce31626319b19132c55c2ff96f9b22a1a755c61807d4f4;f11a04ca5ede5f998d7bd6ff9ac44b9c26d1e013343e4dfe95f90e75d9a5cb9a
hist,bs_delta_vix,all,0.03796901968764115,0.04010142632023648,2.4552550222884313,,,,,,191,10,4d30f29e,,4d30f29e856c723553f51b3322a494aade39cfaaec82e8856095bac11499041d,16586c461e57039abdce31626319b19132c55c2ff96f9b22a1a755c61807d4f4;f11a04ca5ede5f998d7bd6ff9ac44b9c26d1e013343e4dfe95f90e75d9a5cb9a
hist,bs_delta_vix,all,0.04010142632023648,0.04223383295283179,0.0,,,,,,191,10,4d30f29e,,4d30f29e856c723553f51b3322a494aade39cfaaec82e8856095bac11499041d,16586c461e57039abdce31626319b19132c55c2ff96f9b22a1a755c61807d4f4;f11a04ca5ede5f998d7bd6ff9ac44b9c26d1e013343e4dfe95f90e75d9a5cb9a
hist,bs_delta_vix,all,0.04223383295283179,0.044366239585427104,0.0,,,,,,191,10,4d30f29e,,4d30f29e856c723553f51b3322a494aade39cfaaec82e8856095bac11499041d,16586c461e57039abdce31626319b19132c55c2ff96f9b22a1a755c61807d4f4;f11a04ca5ede5f998d7bd6ff9ac44b9c26d1e013343e4dfe95f90e75d9a5cb9a
hist,bs_delta_vix,all,0.044366239585427104,0.04649864621802243,0.0,,,,,,191,10,4d30f29e,,4d30f29e856c723553f51b3322a494aade39cfaaec82e8856095bac11499041d,16586c461e57039abdce31626319b19132c55c2ff96f9b22a1a755c61807d4f4;f11a04ca5ede5f998d7bd6ff9ac44b9c26d1e013343e4dfe95f90e75d9a5cb9a
hist,bs_delta_vix,all,0.04649864621802243,0.04863105285061776,0.0,,,,,,191,10,4d30f29e,,4d30f29e856c723553f51b3322a494aade39cfaaec82e8856095bac11499041d,16586c461e57039abdce31626319b19132c55c2ff96f9b22a1a755c61807d4f4;f11a04ca5ede5f998d7bd6ff9ac44b9c26d1e013343e4dfe95f90e75d9a5cb9a
hist,bs_delta_vix,all,0.04863105285061776,0.05076345948321307,0.0,,,,,,191,10,4d30f29e,,4d30f29e856c723553f51b3322a494aade39cfaaec82e8856095bac11499041d,16586c461e57039abdce31626319b19132c55c2ff96f9b22a1a755c61807d4f4;f11a04ca5ede5f998d7bd6ff9ac44b9c26d1e013343e4dfe95f90e75d9a5cb9a
hist,bs_delta_vix,all,0.05076345948321307,0.05289586611580838,0.0,,,,,,191,10,4d30f29e,,4d30f29e856c723553f51b3322a494aade39cfaaec82e8856095bac11499041d,16586c461e57039abdce31626319b19132c55c2ff96f9b22a1a755c61807d4f4;f11a04ca5ede5f998d7bd6ff9ac44b9c26d1e013343e4dfe95f90e75d9a5cb9a
hist,bs_delta_vix,all,0.05289586611580838,0.05502827274840371,0.0,,,,,,191,10,4d30f29e,,4d30f29e856c723553f51b3322a494aade39cfaaec82e8856095bac11499041d,16586c461e57039abdce31626319b19132c55c2ff96f9b22a1a755c61807d4f4;f11a04ca5ede5f998d7bd6ff9ac44b9c26d1e013343e4dfe95f90e75d9a5cb9a
hist,bs_delta_vix,all,0.05502827274840371,0.05716067938099904,0.0,,,,,,191,10,4d30f29e,,4d30f29e856c723553f51b3322a494aade39cfaaec82e8856095bac11499041d,16586c461e57039abdce31626319b19132c55c2ff96f9b22a1a755c61807d4f4;f11a04ca5ede5f998d7bd6ff9ac44b9c26d1e013343e4dfe95f90e75d9a5cb9a
hist,bs_delta_vix,all,0.05716067938099904,0.05929308601359436,0.0,,,,,,191,10,4d30f29e,,4d30f29e856c723553f51b3322a494aade39cfaaec82e8856095bac11499041d,16586c461e57039abdce31626319b19132c55c2ff96f9b22a1a755c61807d4f4;f11a04ca5ede5f998d7bd6ff9ac44b9c26d1e013343e4dfe95f90e75d9a5cb9a
hist,leland,all,-0.02600317929021844,-0.02387077265762312,0.0,,,,,,191,10,4d30f29e,,4d30f29e856c723553f51b3322a494aade39cfaaec82e8856095bac11499041d,16586c461e57039abdce31626319b19132c55c2ff96f9b22a1a755c61807d4f4;f11a04ca5ede5f998d7bd6ff9ac44b9c26d1e013343e4dfe95f90e75d9a5cb9a
hist,leland,all,-0.02387077265762312,-0.0217383660250278,0.0,,,,,,191,10,4d30f29e,,4d30f29e856c723553f51b3322a494aade39cfaaec82e8856095bac11499041d,16586c461e57039abdce31626319b19132c55c2ff96f9b22a1a755c61807d4f4;f11a04ca5ede5f998d7bd6ff9ac44b9c26d1e013343e4dfe95f90e75d9a5cb9a
hist,leland,all,-0.0217383660250278,-0.01960595939243248,0.0,,,,,,191,10,4d30f29e,,4d30f29e856c723553f51b3322a494aade39cfaaec82e8856095bac11499041d,16586c461e57039abdce31626319b19132c55c2ff96f9b22a1a755c61807d4f4;f11a04ca5ede5f998d7bd6ff9ac44b9c26d1e013343e4dfe95f90e75d9a5cb9a
hist,leland,all,-0.01960595939243248,-0.017473552759837162,2.4552550222884393,,,,,,191,10,4d30f29e,,4d30f29e856c723553f51b3322a494aade39cfaaec82e8856095bac11499041d,16586c461e57039abdce31626319b19132c55c2ff96f9b22a1a755c61807d4f4;f11a04ca5ede5f998d7bd6ff9ac44b9c26d1e013343e4dfe95f90e75d9a5cb9a
hist,leland,all,-0.017473552759837162,-0.015341146127241842,2.4552550222884393,,,,,,191,10,4d30f29e,,4d30f29e856c723553f51b3322a494aade39cfaaec82e8856095bac11499041d,16586c461e57039abdce31626319b19132c55c2ff96f9b22a1a755c61807d4f4;f11a04ca5ede5f998d7bd6ff9ac44b9c26d1e013343e4dfe95f90e75d9a5cb9a
hist,leland,all,-0.015341146127241842,-0.013208739494646522,2.4552550222884393,,,,,,191,10,4d30f29e,,4d30f29e856c723553f51b3322a494aade39cfaaec82e8856095bac11499041d,16586c461e57039abdce31626319b19132c55c2ff96f9b22a1a755c61807d4f4;f11a04ca5ede5f998d7bd6ff9ac44b9c26d1e013343e4dfe95f90e75d9a5cb9a
hist,leland,all,-0.013208739494646522,-0.011076332862051202,9.821020089153757,,,,,,191,10,4d30f29e,,4d30f29e856c723553f51b3322a494aade39cfaaec82e8856095bac11499041d,16586c461e57039abdce31626319b19132c55c2ff96f9b22a1a755c61807d4f4;f11a04ca5ede5f998d7bd6ff9ac44b9c26d1e013343e4dfe95f90e75d9a5cb9a
hist,leland,all,-0.011076332862051202,-0.008943926229455883,14.731530133730637,,,,,,191,10,4d30f29e,,4d30f29e856c723553f51b3322a494aade39cfaaec82e8856095bac11499041d,16586c461e57039abdce31626319b19132c55c2ff96f9b22a1a755c61807d4f4;f11a04ca5ede5f998d7bd6ff9ac44b9c26d1e013343e4dfe95f90e75d9a5cb9a
hist,leland,all,-0.008943926229455883,-0.006811519596860563,34.37357031203815,,,,,,191,10,4d30f29e,,4d30f29e856c723553f51b3322a494aade39cfaaec82e8856095bac11499041d,16586c461e57039abdce31626319b19132c55c2ff96f9b22a1a755c61807d4f4;f11a04ca5ede5f998d7bd6ff9ac44b9c26d1e013343e4dfe95f90e75d9a5cb9a
hist,leland,all,-0.006811519596860563,-0.004679112964265243,71.20239564636474,,,,,,191,10,4d30f29e,,4d30f29e856c723553f51b3322a494aade39cfaaec82e8856095bac11499041d,16586c461e57039abdce31626319b19132c55c2ff96f9b22a1a755c61807d4f4;f11a04ca5ede5f998d7bd6ff9ac44b9c26d1e013343e4dfe95f90e75d9a5cb9a
hist,leland,all,-0.004679112964265243,-0.0025467063316699234,105.57596595840289,,,,,,191,10,4d30f29e,,4d30f29e856c723553f51b3322a494aade39cfaaec82e8856095bac11499041d,16586c461e57039abdce31626319b19132c55c2ff96f9b22a1a755c61807d4f4;f11a04ca5ede5f998d7bd6ff9ac44b9c26d1e013343e4dfe95f90e75d9a5cb9a
hist,leland,all,-0.0025467063316699234,-0.0004142996990746037,93.2996908469607,,,,,,191,10,4d30f29e,,4d30f29e856c723553f51b3322a494aade39cfaaec82e8856095bac11499041d,16586c461e57039abdce31626319b19132c55c2ff96f9b22a1a755c61807d4f4;f11a04ca5ede5f998d7bd6ff9ac44b9c26d1e013343e4dfe95f90e75d9a5cb9a
hist,leland,all,-0.0004142996990746037,0.001718106933520716,34.37357031203815,,,,,,191,10,4d30f29e,,4d30f29e856c723553f51b3322a494aade39cfaaec82e8856095bac11499041d,16586c461e57039abdce31626319b19132c55c2ff96f9b22a1a755c61807d4f4;f11a04ca5ede5f998d7bd6ff9ac44b9c26d1e013343e4dfe95f90e75d9a5cb9a
hist,leland,all,0.001718106933520716,0.003850513566116036,39.28408035661503,,,,,,191,10,4d30f29e,,4d30f29e856c723553f51b3322a494aade39cfaaec82e8856095bac11499041d,16586c461e57039abdce31626319b19132c55c2ff96f9b22a1a755c61807d4f4;f11a04ca5ede5f998d7bd6ff9ac44b9c26d1e013343e4dfe95f90e75d9a5cb9a
hist,leland,all,0.003850513566116036,0.005982920198711356,24.552550222884395,,,,,,191,10,4d30f29e,,4d30f29e856c723553f51b3322a494aade39cfaaec82e8856095bac11499041d,16586c461e57039abdce31626319b19132c55c2ff96f9b22a1a755c61807d4f4;f11a04ca5ede5f998d7bd6ff9ac44b9c26d1e013343e4dfe95f90e75d9a5cb9a
hist,leland,all,0.005982920198711356,0.008115326831306675,7.365765066865318,,,,,,191,10,4d30f29e,,4d30f29e856c723553f51b3322a494aade39cfaaec82e8856095bac11499041d,16586c461e57039abdce31626319b19132c55c2ff96f9b22a1a755c61807d4f4;f11a04ca5ede5f998d7bd6ff9ac44b9c26d1e013343e4dfe95f90e75d9a5cb9a
hist,leland,all,0.008115326831306675,0.010247733463901995,9.821020089153757,,,,,,191,10,4d30f29e,,4d30f29e856c723553f51b3322a494aade39cfaaec82e8856095bac11499041d,16586c461e57039abdce31626319b19132c55c2ff96f9b22a1a755c61807d4f4;f11a04ca5ede5f998d7bd6ff9ac44b9c26d1e013343e4dfe95f90e75d9a5cb9a
hist,leland,all,0.010247733463901995,0.012380140096497315,2.4552550222884393,,,,,,191,10,4d30f29e,,4d30f29e856c723553f51b3322a494aade39cfaaec82e8856095bac11499041d,16586c461e57039abdce31626319b19132c55c2ff96f9b22a1a755c61807d4f4;f11a04ca5ede5f998d7bd6ff9ac44b9c26d1e013343e4dfe95f90e75d9a5cb9a
hist,leland,all,0.012380140096497315,0.014512546729092635,2.4552550222884393,,,,,,191,10,4d30f29e,,4d30f29e856c723553f51b3322a494aade39cfaaec82e8856095bac11499041d,16586c461e57039abdce31626319b19132c55c2ff96f9b22a1a755c61807d4f4;f11a04ca5ede5f998d7bd6ff9ac44b9c26d1e013343e4dfe95f90e75d9a5cb9a
hist,leland,all,0.014512546729092635,0.016644953361687954,4.910510044576879,,,,,,191,10,4d30f29e,,4d30f29e856c723553f51b3322a494aade39cfaaec82e8856095bac11499041d,16586c461e57039abdce31626319b19132c55c2ff96f9b22a1a755c61807d4f4;f11a04ca5ede5f998d7bd6ff9ac44b9c26d1e013343e4dfe95f90e75d9a5cb9a
hist,leland,all,0.016644953361687954,0.018777359994283274,0.0,,,,,,191,10,4d30f29e,,4d30f29e856c723553f51b3322a494aade39cfaaec82e8856095bac11499041d,16586c461e57039abdce31626319b19132c55c2ff96f9b22a1a755c61807d4f4;f11a04ca5ede5f998d7bd6ff9ac44b9c26d1e013343e4dfe95f90e75d9a5cb9a
hist,leland,all,0.018777359994283274,0.020909766626878594,0.0,,,,,,191,10,4d30f29e,,4d30f29e856c723553f51b3322a494aade39cfaaec82e8856095bac11499041d,16586c461e57039abdce31626319b19132c55c2ff96f9b22a1a755c61807d4f4;f11a04ca5ede5f998d7bd6ff9ac44b9c26d1e013343e4dfe95f90e75d9a5cb9a
hist,leland,all,0.020909766626878594,0.023042173259473914,0.0,,,,,,191,10,4d30f29e,,4d30f29e856c723553f51b3322a494aade39cfaaec82e8856095bac11499041d,16586c461e57039abdce31626319b19132c55c2ff96f9b22a1a755c61807d4f4;f11a04ca5ede5f998d7bd6ff9ac44b9c26d1e013343e4dfe95f90e75d9a5cb9a
hist,leland,all,0.023042173259473914,0.025174579892069233,0.0,,,,,,191,10,4d30f29e,,4d30f29e856c723553f51b3322a494aade39cfaaec82e8856095bac11499041d,16586c461e57039abdce31626319b19132c55c2ff96f9b22a1a755c61807d4f4;f11a04ca5ede5f998d7bd6ff9ac44b9c26d1e013343e4dfe95f90e75d9a5cb9a
hist,leland,all,0.025174579892069233,0.027306986524664553,2.4552550222884393,,,,,,191,10,4d30f29e,,4d30f29e856c723553f51b3322a494aade39cfaaec82e8856095bac11499041d,16586c461e57039abdce31626319b19132c55c2ff96f9b22a1a755c61807d4f4;f11a04ca5ede5f998d7bd6ff9ac44b9c26d1e013343e4dfe95f90e75d9a5cb9a
hist,leland,all,0.027306986524664553,0.029439393157259873,0.0,,,,,,191,10,4d30f29e,,4d30f29e856c723553f51b3322a494aade39cfaaec82e8856095bac11499041d,16586c461e57039abdce31626319b19132c55c2ff96f9b22a1a755c61807d4f4;f11a04ca5ede5f998d7bd6ff9ac44b9c26d1e013343e4dfe95f90e75d9a5cb9a
hist,leland,all,0.029439393157259873,0.03157179978985519,2.4552550222884393,,,,,,191,10,4d30f29e,,4d30f29e856c723553f51b3322a494aade39cfaaec82e8856095bac11499041d,16586c461e57039abdce31626319b19132c55c2ff96f9b22a1a755c61807d4f4;f11a04ca5ede5f998d7bd6ff9ac44b9c26d1e013343e4dfe95f90e75d9a5cb9a
hist,leland,all,0.03157179978985519,0.03370420642245051,0.0,,,,,,191,10,4d30f29e,,4d30f29e856c723553f51b3322a494aade39cfaaec82e8856095bac11499041d,16586c461e57039abdce31626319b19132c55c2ff96f9b22a1a755c61807d4f4;f11a04ca5ede5f998d7bd6ff9ac44b9c26d1e013343e4dfe95f90e75d9a5cb9a
hist,leland,all,0.03370420642245051,0.03583661305504583,0.0,,,,,,191,10,4d30f29e,,4d30f29e856c723553f51b3322a494aade39cfaaec82e8856095bac11499041d,16586c461e57039abdce31626319b19132c55c2ff96f9b22a1a755c61807d4f4;f11a04ca5ede5f998d7bd6ff9ac44b9c26d1e013343e4dfe95f90e75d9a5cb9a
hist,leland,all,0.03583661305504583,0.03796901968764115,0.0,,,,,,191,10,4d30f29e,,4d30f29e856c723553f51b3322a494aade39cfaaec82e8856095bac11499041d,16586c461e57039abdce31626319b19132c55c2ff96f9b22a1a755c61807d4f4;f11a04ca5ede5f998d7bd6ff9ac44b9c26d1e013343e4dfe95f90e75d9a5cb9a
hist,leland,all,0.03796901968764115,0.04010142632023648,2.4552550222884313,,,,,,191,10,4d30f29e,,4d30f29e856c723553f51b3322a494aade39cfaaec82e8856095bac11499041d,16586c461e57039abdce31626319b19132c55c2ff96f9b22a1a755c61807d4f4;f11a04ca5ede5f998d7bd6ff9ac44b9c26d1e013343e4dfe95f90e75d9a5cb9a
hist,leland,all,0.04010142632023648,0.04223383295283179,0.0,,,,,,191,10,4d30f29e,,4d30f29e856c723553f51b3322a494aade39cfaaec82e8856095bac11499041d,16586c461e57039abdce31626319b19132c55c2ff96f9b22a1a755c61807d4f4;f11a04ca5ede5f998d7bd6ff9ac44b9c26d1e013343e4dfe95f90e75d9a5cb9a
hist,leland,all,0.04223383295283179,0.044366239585427104,0.0,,,,,,191,10,4d30f29e,,4d30f29e856c723553f51b3322a494aade39cfaaec82e8856095bac11499041d,16586c461e57039abdce31626319b19132c55c2ff96f9b22a1a755c61807d4f4;f11a04ca5ede5f998d7bd6ff9ac44b9c26d1e013343e4dfe95f90e75d9a5cb9a
hist,leland,all,0.044366239585427104,0.04649864621802243,0.0,,,,,,191,10,4d30f29e,,4d30f29e856c723553f51b3322a494aade39cfaaec82e8856095bac11499041d,16586c461e57039abdce31626319b19132c55c2ff96f9b22a1a755c61807d4f4;f11a04ca5ede5f998d7bd6ff9ac44b9c26d1e013343e4dfe95f90e75d9a5cb9a
hist,leland,all,0.04649864621802243,0.04863105285061776,0.0,,,,,,191,10,4d30f29e,,4d30f29e856c723553f51b3322a494aade39cfaaec82e8856095bac11499041d,16586c461e57039abdce31626319b19132c55c2ff96f9b22a1a755c61807d4f4;f11a04ca5ede5f998d7bd6ff9ac44b9c26d1e013343e4dfe95f90e75d9a5cb9a
hist,leland,all,0.04863105285061776,0.05076345948321307,0.0,,,,,,191,10,4d30f29e,,4d30f29e856c723553f51b3322a494aade39cfaaec82e8856095bac11499041d,16586c461e57039abdce31626319b19132c55c2ff96f9b22a1a755c61807d4f4;f11a04ca5ede5f998d7bd6ff9ac44b9c26d1e013343e4dfe95f90e75d9a5cb9a
hist,leland,all,0.05076345948321307,0.05289586611580838,0.0,,,,,,191,10,4d30f29e,,4d30f29e856c723553f51b3322a494aade39cfaaec82e8856095bac11499041d,16586c461e57039abdce31626319b19132c55c2ff96f9b22a1a755c61807d4f4;f11a04ca5ede5f998d7bd6ff9ac44b9c26d1e013343e4dfe95f90e75d9a5cb9a
hist,leland,all,0.05289586611580838,0.05502827274840371,0.0,,,,,,191,10,4d30f29e,,4d30f29e856c723553f51b3322a494aade39cfaaec82e8856095bac11499041d,16586c461e57039abdce31626319b19132c55c2ff96f9b22a1a755c61807d4f4;f11a04ca5ede5f998d7bd6ff9ac44b9c26d1e013343e4dfe95f90e75d9a5cb9a
hist,leland,all,0.05502827274840371,0.05716067938099904,0.0,,,,,,191,10,4d30f29e,,4d30f29e856c723553f51b3322a494aade39cfaaec82e8856095bac11499041d,16586c461e57039abdce31626319b19132c55c2ff96f9b22a1a755c61807d4f4;f11a04ca5ede5f998d7bd6ff9ac44b9c26d1e013343e4dfe95f90e75d9a5cb9a
hist,leland,all,0.05716067938099904,0.05929308601359436,0.0,,,,,,191,10,4d30f29e,,4d30f29e856c723553f51b3322a494aade39cfaaec82e8856095bac11499041d,16586c461e57039abdce31626319b19132c55c2ff96f9b22a1a755c61807d4f4;f11a04ca5ede5f998d7bd6ff9ac44b9c26d1e013343e4dfe95f90e75d9a5cb9a
hist,ww_band,all,-0.02600317929021844,-0.02387077265762312,7.365765066865318,,,,,,191,10,4d30f29e,,4d30f29e856c723553f51b3322a494aade39cfaaec82e8856095bac11499041d,16586c461e57039abdce31626319b19132c55c2ff96f9b22a1a755c61807d4f4;f11a04ca5ede5f998d7bd6ff9ac44b9c26d1e013343e4dfe95f90e75d9a5cb9a
hist,ww_band,all,-0.02387077265762312,-0.0217383660250278,0.0,,,,,,191,10,4d30f29e,,4d30f29e856c723553f51b3322a494aade39cfaaec82e8856095bac11499041d,16586c461e57039abdce31626319b19132c55c2ff96f9b22a1a755c61807d4f4;f11a04ca5ede5f998d7bd6ff9ac44b9c26d1e013343e4dfe95f90e75d9a5cb9a
hist,ww_band,all,-0.0217383660250278,-0.01960595939243248,9.821020089153757,,,,,,191,10,4d30f29e,,4d30f29e856c723553f51b3322a494aade39cfaaec82e8856095bac11499041d,16586c461e57039abdce31626319b19132c55c2ff96f9b22a1a755c61807d4f4;f11a04ca5ede5f998d7bd6ff9ac44b9c26d1e013343e4dfe95f90e75d9a5cb9a
hist,ww_band,all,-0.01960595939243248,-0.017473552759837162,4.910510044576879,,,,,,191,10,4d30f29e,,4d30f29e856c723553f51b3322a494aade39cfaaec82e8856095bac11499041d,16586c461e57039abdce31626319b19132c55c2ff96f9b22a1a755c61807d4f4;f11a04ca5ede5f998d7bd6ff9ac44b9c26d1e013343e4dfe95f90e75d9a5cb9a
hist,ww_band,all,-0.017473552759837162,-0.015341146127241842,4.910510044576879,,,,,,191,10,4d30f29e,,4d30f29e856c723553f51b3322a494aade39cfaaec82e8856095bac11499041d,16586c461e57039abdce31626319b19132c55c2ff96f9b22a1a755c61807d4f4;f11a04ca5ede5f998d7bd6ff9ac44b9c26d1e013343e4dfe95f90e75d9a5cb9a
hist,ww_band,all,-0.015341146127241842,-0.013208739494646522,9.821020089153757,,,,,,191,10,4d30f29e,,4d30f29e856c723553f51b3322a494aade39cfaaec82e8856095bac11499041d,16586c461e57039abdce31626319b19132c55c2ff96f9b22a1a755c61807d4f4;f11a04ca5ede5f998d7bd6ff9ac44b9c26d1e013343e4dfe95f90e75d9a5cb9a
hist,ww_band,all,-0.013208739494646522,-0.011076332862051202,24.552550222884395,,,,,,191,10,4d30f29e,,4d30f29e856c723553f51b3322a494aade39cfaaec82e8856095bac11499041d,16586c461e57039abdce31626319b19132c55c2ff96f9b22a1a755c61807d4f4;f11a04ca5ede5f998d7bd6ff9ac44b9c26d1e013343e4dfe95f90e75d9a5cb9a
hist,ww_band,all,-0.011076332862051202,-0.008943926229455883,36.828825334326595,,,,,,191,10,4d30f29e,,4d30f29e856c723553f51b3322a494aade39cfaaec82e8856095bac11499041d,16586c461e57039abdce31626319b19132c55c2ff96f9b22a1a755c61807d4f4;f11a04ca5ede5f998d7bd6ff9ac44b9c26d1e013343e4dfe95f90e75d9a5cb9a
hist,ww_band,all,-0.008943926229455883,-0.006811519596860563,34.37357031203815,,,,,,191,10,4d30f29e,,4d30f29e856c723553f51b3322a494aade39cfaaec82e8856095bac11499041d,16586c461e57039abdce31626319b19132c55c2ff96f9b22a1a755c61807d4f4;f11a04ca5ede5f998d7bd6ff9ac44b9c26d1e013343e4dfe95f90e75d9a5cb9a
hist,ww_band,all,-0.006811519596860563,-0.004679112964265243,46.64984542348035,,,,,,191,10,4d30f29e,,4d30f29e856c723553f51b3322a494aade39cfaaec82e8856095bac11499041d,16586c461e57039abdce31626319b19132c55c2ff96f9b22a1a755c61807d4f4;f11a04ca5ede5f998d7bd6ff9ac44b9c26d1e013343e4dfe95f90e75d9a5cb9a
hist,ww_band,all,-0.004679112964265243,-0.0025467063316699234,29.463060267461273,,,,,,191,10,4d30f29e,,4d30f29e856c723553f51b3322a494aade39cfaaec82e8856095bac11499041d,16586c461e57039abdce31626319b19132c55c2ff96f9b22a1a755c61807d4f4;f11a04ca5ede5f998d7bd6ff9ac44b9c26d1e013343e4dfe95f90e75d9a5cb9a
hist,ww_band,all,-0.0025467063316699234,-0.0004142996990746037,49.10510044576879,,,,,,191,10,4d30f29e,,4d30f29e856c723553f51b3322a494aade39cfaaec82e8856095bac11499041d,16586c461e57039abdce31626319b19132c55c2ff96f9b22a1a755c61807d4f4;f11a04ca5ede5f998d7bd6ff9ac44b9c26d1e013343e4dfe95f90e75d9a5cb9a
hist,ww_band,all,-0.0004142996990746037,0.001718106933520716,54.015610490345665,,,,,,191,10,4d30f29e,,4d30f29e856c723553f51b3322a494aade39cfaaec82e8856095bac11499041d,16586c461e57039abdce31626319b19132c55c2ff96f9b22a1a755c61807d4f4;f11a04ca5ede5f998d7bd6ff9ac44b9c26d1e013343e4dfe95f90e75d9a5cb9a
hist,ww_band,all,0.001718106933520716,0.003850513566116036,46.64984542348035,,,,,,191,10,4d30f29e,,4d30f29e856c723553f51b3322a494aade39cfaaec82e8856095bac11499041d,16586c461e57039abdce31626319b19132c55c2ff96f9b22a1a755c61807d4f4;f11a04ca5ede5f998d7bd6ff9ac44b9c26d1e013343e4dfe95f90e75d9a5cb9a
hist,ww_band,all,0.003850513566116036,0.005982920198711356,49.10510044576879,,,,,,191,10,4d30f29e,,4d30f29e856c723553f51b3322a494aade39cfaaec82e8856095bac11499041d,16586c461e57039abdce31626319b19132c55c2ff96f9b22a1a755c61807d4f4;f11a04ca5ede5f998d7bd6ff9ac44b9c26d1e013343e4dfe95f90e75d9a5cb9a
hist,ww_band,all,0.005982920198711356,0.008115326831306675,27.007805245172833,,,,,,191,10,4d30f29e,,4d30f29e856c723553f51b3322a494aade39cfaaec82e8856095bac11499041d,16586c461e57039abdce31626319b19132c55c2ff96f9b22a1a755c61807d4f4;f11a04ca5ede5f998d7bd6ff9ac44b9c26d1e013343e4dfe95f90e75d9a5cb9a
hist,ww_band,all,0.008115326831306675,0.010247733463901995,12.276275111442198,,,,,,191,10,4d30f29e,,4d30f29e856c723553f51b3322a494aade39cfaaec82e8856095bac11499041d,16586c461e57039abdce31626319b19132c55c2ff96f9b22a1a755c61807d4f4;f11a04ca5ede5f998d7bd6ff9ac44b9c26d1e013343e4dfe95f90e75d9a5cb9a
hist,ww_band,all,0.010247733463901995,0.012380140096497315,7.365765066865318,,,,,,191,10,4d30f29e,,4d30f29e856c723553f51b3322a494aade39cfaaec82e8856095bac11499041d,16586c461e57039abdce31626319b19132c55c2ff96f9b22a1a755c61807d4f4;f11a04ca5ede5f998d7bd6ff9ac44b9c26d1e013343e4dfe95f90e75d9a5cb9a
hist,ww_band,all,0.012380140096497315,0.014512546729092635,4.910510044576879,,,,,,191,10,4d30f29e,,4d30f29e856c723553f51b3322a494aade39cfaaec82e8856095bac11499041d,16586c461e57039abdce31626319b19132c55c2ff96f9b22a1a755c61807d4f4;f11a04ca5ede5f998d7bd6ff9ac44b9c26d1e013343e4dfe95f90e75d9a5cb9a
hist,ww_band,all,0.014512546729092635,0.016644953361687954,0.0,,,,,,191,10,4d30f29e,,4d30f29e856c723553f51b3322a494aade39cfaaec82e8856095bac11499041d,16586c461e57039abdce31626319b19132c55c2ff96f9b22a1a755c61807d4f4;f11a04ca5ede5f998d7bd6ff9ac44b9c26d1e013343e4dfe95f90e75d9a5cb9a
hist,ww_band,all,0.016644953361687954,0.018777359994283274,2.4552550222884393,,,,,,191,10,4d30f29e,,4d30f29e856c723553f51b3322a494aade39cfaaec82e8856095bac11499041d,16586c461e57039abdce31626319b19132c55c2ff96f9b22a1a755c61807d4f4;f11a04ca5ede5f998d7bd6ff9ac44b9c26d1e013343e4dfe95f90e75d9a5cb9a
hist,ww_band,all,0.018777359994283274,0.020909766626878594,0.0,,,,,,191,10,4d30f29e,,4d30f29e856c723553f51b3322a494aade39cfaaec82e8856095bac11499041d,16586c461e57039abdce31626319b19132c55c2ff96f9b22a1a755c61807d4f4;f11a04ca5ede5f998d7bd6ff9ac44b9c26d1e013343e4dfe95f90e75d9a5cb9a
hist,ww_band,all,0.020909766626878594,0.023042173259473914,2.4552550222884393,,,,,,191,10,4d30f29e,,4d30f29e856c723553f51b3322a494aade39cfaaec82e8856095bac11499041d,16586c461e57039abdce31626319b19132c55c2ff96f9b22a1a755c61807d4f4;f11a04ca5ede5f998d7bd6ff9ac44b9c26d1e013343e4dfe95f90e75d9a5cb9a
hist,ww_band,all,0.023042173259473914,0.025174579892069233,0.0,,,,,,191,10,4d30f29e,,4d30f29e856c723553f51b3322a494aade39cfaaec82e8856095bac11499041d,16586c461e57039abdce31626319b19132c55c2ff96f9b22a1a755c61807d4f4;f11a04ca5ede5f998d7bd6ff9ac44b9c26d1e013343e4dfe95f90e75d9a5cb9a
hist,ww_band,all,0.025174579892069233,0.027306986524664553,0.0,,,,,,191,10,4d30f29e,,4d30f29e856c723553f51b3322a494aade39cfaaec82e8856095bac11499041d,16586c461e57039abdce31626319b19132c55c2ff96f9b22a1a755c61807d4f4;f11a04ca5ede5f998d7bd6ff9ac44b9c26d1e013343e4dfe95f90e75d9a5cb9a
hist,ww_band,all,0.027306986524664553,0.029439393157259873,2.4552550222884393,,,,,,191,10,4d30f29e,,4d30f29e856c723553f51b3322a494aade39cfaaec82e8856095bac11499041d,16586c461e57039abdce31626319b19132c55c2ff96f9b22a1a755c61807d4f4;f11a04ca5ede5f998d7bd6ff9ac44b9c26d1e013343e4dfe95f90e75d9a5cb9a
hist,ww_band,all,0.029439393157259873,0.03157179978985519,0.0,,,,,,191,10,4d30f29e,,4d30f29e856c723553f51b3322a494aade39cfaaec82e8856095bac11499041d,16586c461e57039abdce31626319b19132c55c2ff96f9b22a1a755c61807d4f4;f11a04ca5ede5f998d7bd6ff9ac44b9c26d1e013343e4dfe95f90e75d9a5cb9a
hist,ww_band,all,0.03157179978985519,0.03370420642245051,0.0,,,,,,191,10,4d30f29e,,4d30f29e856c723553f51b3322a494aade39cfaaec82e8856095bac11499041d,16586c461e57039abdce31626319b19132c55c2ff96f9b22a1a755c61807d4f4;f11a04ca5ede5f998d7bd6ff9ac44b9c26d1e013343e4dfe95f90e75d9a5cb9a
hist,ww_band,all,0.03370420642245051,0.03583661305504583,0.0,,,,,,191,10,4d30f29e,,4d30f29e856c723553f51b3322a494aade39cfaaec82e8856095bac11499041d,16586c461e57039abdce31626319b19132c55c2ff96f9b22a1a755c61807d4f4;f11a04ca5ede5f998d7bd6ff9ac44b9c26d1e013343e4dfe95f90e75d9a5cb9a
hist,ww_band,all,0.03583661305504583,0.03796901968764115,0.0,,,,,,191,10,4d30f29e,,4d30f29e856c723553f51b3322a494aade39cfaaec82e8856095bac11499041d,16586c461e57039abdce31626319b19132c55c2ff96f9b22a1a755c61807d4f4;f11a04ca5ede5f998d7bd6ff9ac44b9c26d1e013343e4dfe95f90e75d9a5cb9a
hist,ww_band,all,0.03796901968764115,0.04010142632023648,0.0,,,,,,191,10,4d30f29e,,4d30f29e856c723553f51b3322a494aade39cfaaec82e8856095bac11499041d,16586c461e57039abdce31626319b19132c55c2ff96f9b22a1a755c61807d4f4;f11a04ca5ede5f998d7bd6ff9ac44b9c26d1e013343e4dfe95f90e75d9a5cb9a
hist,ww_band,all,0.04010142632023648,0.04223383295283179,2.4552550222884473,,,,,,191,10,4d30f29e,,4d30f29e856c723553f51b3322a494aade39cfaaec82e8856095bac11499041d,16586c461e57039abdce31626319b19132c55c2ff96f9b22a1a755c61807d4f4;f11a04ca5ede5f998d7bd6ff9ac44b9c26d1e013343e4dfe95f90e75d9a5cb9a
hist,ww_band,all,0.04223383295283179,0.044366239585427104,0.0,,,,,,191,10,4d30f29e,,4d30f29e856c723553f51b3322a494aade39cfaaec82e8856095bac11499041d,16586c461e57039abdce31626319b19132c55c2ff96f9b22a1a755c61807d4f4;f11a04ca5ede5f998d7bd6ff9ac44b9c26d1e013343e4dfe95f90e75d9a5cb9a
hist,ww_band,all,0.044366239585427104,0.04649864621802243,0.0,,,,,,191,10,4d30f29e,,4d30f29e856c723553f51b3322a494aade39cfaaec82e8856095bac11499041d,16586c461e57039abdce31626319b19132c55c2ff96f9b22a1a755c61807d4f4;f11a04ca5ede5f998d7bd6ff9ac44b9c26d1e013343e4dfe95f90e75d9a5cb9a
hist,ww_band,all,0.04649864621802243,0.04863105285061776,0.0,,,,,,191,10,4d30f29e,,4d30f29e856c723553f51b3322a494aade39cfaaec82e8856095bac11499041d,16586c461e57039abdce31626319b19132c55c2ff96f9b22a1a755c61807d4f4;f11a04ca5ede5f998d7bd6ff9ac44b9c26d1e013343e4dfe95f90e75d9a5cb9a
hist,ww_band,all,0.04863105285061776,0.05076345948321307,0.0,,,,,,191,10,4d30f29e,,4d30f29e856c723553f51b3322a494aade39cfaaec82e8856095bac11499041d,16586c461e57039abdce31626319b19132c55c2ff96f9b22a1a755c61807d4f4;f11a04ca5ede5f998d7bd6ff9ac44b9c26d1e013343e4dfe95f90e75d9a5cb9a
hist,ww_band,all,0.05076345948321307,0.05289586611580838,0.0,,,,,,191,10,4d30f29e,,4d30f29e856c723553f51b3322a494aade39cfaaec82e8856095bac11499041d,16586c461e57039abdce31626319b19132c55c2ff96f9b22a1a755c61807d4f4;f11a04ca5ede5f998d7bd6ff9ac44b9c26d1e013343e4dfe95f90e75d9a5cb9a
hist,ww_band,all,0.05289586611580838,0.05502827274840371,0.0,,,,,,191,10,4d30f29e,,4d30f29e856c723553f51b3322a494aade39cfaaec82e8856095bac11499041d,16586c461e57039abdce31626319b19132c55c2ff96f9b22a1a755c61807d4f4;f11a04ca5ede5f998d7bd6ff9ac44b9c26d1e013343e4dfe95f90e75d9a5cb9a
hist,ww_band,all,0.05502827274840371,0.05716067938099904,0.0,,,,,,191,10,4d30f29e,,4d30f29e856c723553f51b3322a494aade39cfaaec82e8856095bac11499041d,16586c461e57039abdce31626319b19132c55c2ff96f9b22a1a755c61807d4f4;f11a04ca5ede5f998d7bd6ff9ac44b9c26d1e013343e4dfe95f90e75d9a5cb9a
hist,ww_band,all,0.05716067938099904,0.05929308601359436,0.0,,,,,,191,10,4d30f29e,,4d30f29e856c723553f51b3322a494aade39cfaaec82e8856095bac11499041d,16586c461e57039abdce31626319b19132c55c2ff96f9b22a1a755c61807d4f4;f11a04ca5ede5f998d7bd6ff9ac44b9c26d1e013343e4dfe95f90e75d9a5cb9a
hist,ffn,all,-0.02600317929021844,-0.02387077265762312,0.0,,,,,,191,10,4d30f29e,0-4,4d30f29e856c723553f51b3322a494aade39cfaaec82e8856095bac11499041d,16586c461e57039abdce31626319b19132c55c2ff96f9b22a1a755c61807d4f4;f11a04ca5ede5f998d7bd6ff9ac44b9c26d1e013343e4dfe95f90e75d9a5cb9a
hist,ffn,all,-0.02387077265762312,-0.0217383660250278,0.0,,,,,,191,10,4d30f29e,0-4,4d30f29e856c723553f51b3322a494aade39cfaaec82e8856095bac11499041d,16586c461e57039abdce31626319b19132c55c2ff96f9b22a1a755c61807d4f4;f11a04ca5ede5f998d7bd6ff9ac44b9c26d1e013343e4dfe95f90e75d9a5cb9a
hist,ffn,all,-0.0217383660250278,-0.01960595939243248,0.0,,,,,,191,10,4d30f29e,0-4,4d30f29e856c723553f51b3322a494aade39cfaaec82e8856095bac11499041d,16586c461e57039abdce31626319b19132c55c2ff96f9b22a1a755c61807d4f4;f11a04ca5ede5f998d7bd6ff9ac44b9c26d1e013343e4dfe95f90e75d9a5cb9a
hist,ffn,all,-0.01960595939243248,-0.017473552759837162,4.419459040119191,,,,,,191,10,4d30f29e,0-4,4d30f29e856c723553f51b3322a494aade39cfaaec82e8856095bac11499041d,16586c461e57039abdce31626319b19132c55c2ff96f9b22a1a755c61807d4f4;f11a04ca5ede5f998d7bd6ff9ac44b9c26d1e013343e4dfe95f90e75d9a5cb9a
hist,ffn,all,-0.017473552759837162,-0.015341146127241842,5.892612053492255,,,,,,191,10,4d30f29e,0-4,4d30f29e856c723553f51b3322a494aade39cfaaec82e8856095bac11499041d,16586c461e57039abdce31626319b19132c55c2ff96f9b22a1a755c61807d4f4;f11a04ca5ede5f998d7bd6ff9ac44b9c26d1e013343e4dfe95f90e75d9a5cb9a
hist,ffn,all,-0.015341146127241842,-0.013208739494646522,11.78522410698451,,,,,,191,10,4d30f29e,0-4,4d30f29e856c723553f51b3322a494aade39cfaaec82e8856095bac11499041d,16586c461e57039abdce31626319b19132c55c2ff96f9b22a1a755c61807d4f4;f11a04ca5ede5f998d7bd6ff9ac44b9c26d1e013343e4dfe95f90e75d9a5cb9a
hist,ffn,all,-0.013208739494646522,-0.011076332862051202,22.09729520059595,,,,,,191,10,4d30f29e,0-4,4d30f29e856c723553f51b3322a494aade39cfaaec82e8856095bac11499041d,16586c461e57039abdce31626319b19132c55c2ff96f9b22a1a755c61807d4f4;f11a04ca5ede5f998d7bd6ff9ac44b9c26d1e013343e4dfe95f90e75d9a5cb9a
hist,ffn,all,-0.011076332862051202,-0.008943926229455883,36.3377743298689,,,,,,191,10,4d30f29e,0-4,4d30f29e856c723553f51b3322a494aade39cfaaec82e8856095bac11499041d,16586c461e57039abdce31626319b19132c55c2ff96f9b22a1a755c61807d4f4;f11a04ca5ede5f998d7bd6ff9ac44b9c26d1e013343e4dfe95f90e75d9a5cb9a
hist,ffn,all,-0.008943926229455883,-0.006811519596860563,45.66774341456497,,,,,,191,10,4d30f29e,0-4,4d30f29e856c723553f51b3322a494aade39cfaaec82e8856095bac11499041d,16586c461e57039abdce31626319b19132c55c2ff96f9b22a1a755c61807d4f4;f11a04ca5ede5f998d7bd6ff9ac44b9c26d1e013343e4dfe95f90e75d9a5cb9a
hist,ffn,all,-0.006811519596860563,-0.004679112964265243,51.560355468057224,,,,,,191,10,4d30f29e,0-4,4d30f29e856c723553f51b3322a494aade39cfaaec82e8856095bac11499041d,16586c461e57039abdce31626319b19132c55c2ff96f9b22a1a755c61807d4f4;f11a04ca5ede5f998d7bd6ff9ac44b9c26d1e013343e4dfe95f90e75d9a5cb9a
hist,ffn,all,-0.004679112964265243,-0.0025467063316699234,66.29188560178787,,,,,,191,10,4d30f29e,0-4,4d30f29e856c723553f51b3322a494aade39cfaaec82e8856095bac11499041d,16586c461e57039abdce31626319b19132c55c2ff96f9b22a1a755c61807d4f4;f11a04ca5ede5f998d7bd6ff9ac44b9c26d1e013343e4dfe95f90e75d9a5cb9a
hist,ffn,all,-0.0025467063316699234,-0.0004142996990746037,43.70353939673422,,,,,,191,10,4d30f29e,0-4,4d30f29e856c723553f51b3322a494aade39cfaaec82e8856095bac11499041d,16586c461e57039abdce31626319b19132c55c2ff96f9b22a1a755c61807d4f4;f11a04ca5ede5f998d7bd6ff9ac44b9c26d1e013343e4dfe95f90e75d9a5cb9a
hist,ffn,all,-0.0004142996990746037,0.001718106933520716,46.64984542348035,,,,,,191,10,4d30f29e,0-4,4d30f29e856c723553f51b3322a494aade39cfaaec82e8856095bac11499041d,16586c461e57039abdce31626319b19132c55c2ff96f9b22a1a755c61807d4f4;f11a04ca5ede5f998d7bd6ff9ac44b9c26d1e013343e4dfe95f90e75d9a5cb9a
hist,ffn,all,0.001718106933520716,0.003850513566116036,51.069304463599536,,,,,,191,10,4d30f29e,0-4,4d30f29e856c723553f51b3322a494aade39cfaaec82e8856095bac11499041d,16586c461e57039abdce31626319b19132c55c2ff96f9b22a1a755c61807d4f4;f11a04ca5ede5f998d7bd6ff9ac44b9c26d1e013343e4dfe95f90e75d9a5cb9a
hist,ffn,all,0.003850513566116036,0.005982920198711356,32.4093662942074,,,,,,191,10,4d30f29e,0-4,4d30f29e856c723553f51b3322a494aade39cfaaec82e8856095bac11499041d,16586c461e57039abdce31626319b19132c55c2ff96f9b22a1a755c61807d4f4;f11a04ca5ede5f998d7bd6ff9ac44b9c26d1e013343e4dfe95f90e75d9a5cb9a
hist,ffn,all,0.005982920198711356,0.008115326831306675,19.150989173849826,,,,,,191,10,4d30f29e,0-4,4d30f29e856c723553f51b3322a494aade39cfaaec82e8856095bac11499041d,16586c461e57039abdce31626319b19132c55c2ff96f9b22a1a755c61807d4f4;f11a04ca5ede5f998d7bd6ff9ac44b9c26d1e013343e4dfe95f90e75d9a5cb9a
hist,ffn,all,0.008115326831306675,0.010247733463901995,11.78522410698451,,,,,,191,10,4d30f29e,0-4,4d30f29e856c723553f51b3322a494aade39cfaaec82e8856095bac11499041d,16586c461e57039abdce31626319b19132c55c2ff96f9b22a1a755c61807d4f4;f11a04ca5ede5f998d7bd6ff9ac44b9c26d1e013343e4dfe95f90e75d9a5cb9a
hist,ffn,all,0.010247733463901995,0.012380140096497315,0.9821020089153758,,,,,,191,10,4d30f29e,0-4,4d30f29e856c723553f51b3322a494aade39cfaaec82e8856095bac11499041d,16586c461e57039abdce31626319b19132c55c2ff96f9b22a1a755c61807d4f4;f11a04ca5ede5f998d7bd6ff9ac44b9c26d1e013343e4dfe95f90e75d9a5cb9a
hist,ffn,all,0.012380140096497315,0.014512546729092635,3.928408035661503,,,,,,191,10,4d30f29e,0-4,4d30f29e856c723553f51b3322a494aade39cfaaec82e8856095bac11499041d,16586c461e57039abdce31626319b19132c55c2ff96f9b22a1a755c61807d4f4;f11a04ca5ede5f998d7bd6ff9ac44b9c26d1e013343e4dfe95f90e75d9a5cb9a
hist,ffn,all,0.014512546729092635,0.016644953361687954,1.9642040178307516,,,,,,191,10,4d30f29e,0-4,4d30f29e856c723553f51b3322a494aade39cfaaec82e8856095bac11499041d,16586c461e57039abdce31626319b19132c55c2ff96f9b22a1a755c61807d4f4;f11a04ca5ede5f998d7bd6ff9ac44b9c26d1e013343e4dfe95f90e75d9a5cb9a
hist,ffn,all,0.016644953361687954,0.018777359994283274,1.9642040178307516,,,,,,191,10,4d30f29e,0-4,4d30f29e856c723553f51b3322a494aade39cfaaec82e8856095bac11499041d,16586c461e57039abdce31626319b19132c55c2ff96f9b22a1a755c61807d4f4;f11a04ca5ede5f998d7bd6ff9ac44b9c26d1e013343e4dfe95f90e75d9a5cb9a
hist,ffn,all,0.018777359994283274,0.020909766626878594,3.928408035661503,,,,,,191,10,4d30f29e,0-4,4d30f29e856c723553f51b3322a494aade39cfaaec82e8856095bac11499041d,16586c461e57039abdce31626319b19132c55c2ff96f9b22a1a755c61807d4f4;f11a04ca5ede5f998d7bd6ff9ac44b9c26d1e013343e4dfe95f90e75d9a5cb9a
hist,ffn,all,0.020909766626878594,0.023042173259473914,1.9642040178307516,,,,,,191,10,4d30f29e,0-4,4d30f29e856c723553f51b3322a494aade39cfaaec82e8856095bac11499041d,16586c461e57039abdce31626319b19132c55c2ff96f9b22a1a755c61807d4f4;f11a04ca5ede5f998d7bd6ff9ac44b9c26d1e013343e4dfe95f90e75d9a5cb9a
hist,ffn,all,0.023042173259473914,0.025174579892069233,0.4910510044576879,,,,,,191,10,4d30f29e,0-4,4d30f29e856c723553f51b3322a494aade39cfaaec82e8856095bac11499041d,16586c461e57039abdce31626319b19132c55c2ff96f9b22a1a755c61807d4f4;f11a04ca5ede5f998d7bd6ff9ac44b9c26d1e013343e4dfe95f90e75d9a5cb9a
hist,ffn,all,0.025174579892069233,0.027306986524664553,1.4731530133730637,,,,,,191,10,4d30f29e,0-4,4d30f29e856c723553f51b3322a494aade39cfaaec82e8856095bac11499041d,16586c461e57039abdce31626319b19132c55c2ff96f9b22a1a755c61807d4f4;f11a04ca5ede5f998d7bd6ff9ac44b9c26d1e013343e4dfe95f90e75d9a5cb9a
hist,ffn,all,0.027306986524664553,0.029439393157259873,0.9821020089153758,,,,,,191,10,4d30f29e,0-4,4d30f29e856c723553f51b3322a494aade39cfaaec82e8856095bac11499041d,16586c461e57039abdce31626319b19132c55c2ff96f9b22a1a755c61807d4f4;f11a04ca5ede5f998d7bd6ff9ac44b9c26d1e013343e4dfe95f90e75d9a5cb9a
hist,ffn,all,0.029439393157259873,0.03157179978985519,0.0,,,,,,191,10,4d30f29e,0-4,4d30f29e856c723553f51b3322a494aade39cfaaec82e8856095bac11499041d,16586c461e57039abdce31626319b19132c55c2ff96f9b22a1a755c61807d4f4;f11a04ca5ede5f998d7bd6ff9ac44b9c26d1e013343e4dfe95f90e75d9a5cb9a
hist,ffn,all,0.03157179978985519,0.03370420642245051,0.0,,,,,,191,10,4d30f29e,0-4,4d30f29e856c723553f51b3322a494aade39cfaaec82e8856095bac11499041d,16586c461e57039abdce31626319b19132c55c2ff96f9b22a1a755c61807d4f4;f11a04ca5ede5f998d7bd6ff9ac44b9c26d1e013343e4dfe95f90e75d9a5cb9a
hist,ffn,all,0.03370420642245051,0.03583661305504583,0.0,,,,,,191,10,4d30f29e,0-4,4d30f29e856c723553f51b3322a494aade39cfaaec82e8856095bac11499041d,16586c461e57039abdce31626319b19132c55c2ff96f9b22a1a755c61807d4f4;f11a04ca5ede5f998d7bd6ff9ac44b9c26d1e013343e4dfe95f90e75d9a5cb9a
hist,ffn,all,0.03583661305504583,0.03796901968764115,0.0,,,,,,191,10,4d30f29e,0-4,4d30f29e856c723553f51b3322a494aade39cfaaec82e8856095bac11499041d,16586c461e57039abdce31626319b19132c55c2ff96f9b22a1a755c61807d4f4;f11a04ca5ede5f998d7bd6ff9ac44b9c26d1e013343e4dfe95f90e75d9a5cb9a
hist,ffn,all,0.03796901968764115,0.04010142632023648,0.0,,,,,,191,10,4d30f29e,0-4,4d30f29e856c723553f51b3322a494aade39cfaaec82e8856095bac11499041d,16586c461e57039abdce31626319b19132c55c2ff96f9b22a1a755c61807d4f4;f11a04ca5ede5f998d7bd6ff9ac44b9c26d1e013343e4dfe95f90e75d9a5cb9a
hist,ffn,all,0.04010142632023648,0.04223383295283179,0.0,,,,,,191,10,4d30f29e,0-4,4d30f29e856c723553f51b3322a494aade39cfaaec82e8856095bac11499041d,16586c461e57039abdce31626319b19132c55c2ff96f9b22a1a755c61807d4f4;f11a04ca5ede5f998d7bd6ff9ac44b9c26d1e013343e4dfe95f90e75d9a5cb9a
hist,ffn,all,0.04223383295283179,0.044366239585427104,0.0,,,,,,191,10,4d30f29e,0-4,4d30f29e856c723553f51b3322a494aade39cfaaec82e8856095bac11499041d,16586c461e57039abdce31626319b19132c55c2ff96f9b22a1a755c61807d4f4;f11a04ca5ede5f998d7bd6ff9ac44b9c26d1e013343e4dfe95f90e75d9a5cb9a
hist,ffn,all,0.044366239585427104,0.04649864621802243,0.0,,,,,,191,10,4d30f29e,0-4,4d30f29e856c723553f51b3322a494aade39cfaaec82e8856095bac11499041d,16586c461e57039abdce31626319b19132c55c2ff96f9b22a1a755c61807d4f4;f11a04ca5ede5f998d7bd6ff9ac44b9c26d1e013343e4dfe95f90e75d9a5cb9a
hist,ffn,all,0.04649864621802243,0.04863105285061776,0.4910510044576863,,,,,,191,10,4d30f29e,0-4,4d30f29e856c723553f51b3322a494aade39cfaaec82e8856095bac11499041d,16586c461e57039abdce31626319b19132c55c2ff96f9b22a1a755c61807d4f4;f11a04ca5ede5f998d7bd6ff9ac44b9c26d1e013343e4dfe95f90e75d9a5cb9a
hist,ffn,all,0.04863105285061776,0.05076345948321307,0.4910510044576895,,,,,,191,10,4d30f29e,0-4,4d30f29e856c723553f51b3322a494aade39cfaaec82e8856095bac11499041d,16586c461e57039abdce31626319b19132c55c2ff96f9b22a1a755c61807d4f4;f11a04ca5ede5f998d7bd6ff9ac44b9c26d1e013343e4dfe95f90e75d9a5cb9a
hist,ffn,all,0.05076345948321307,0.05289586611580838,0.0,,,,,,191,10,4d30f29e,0-4,4d30f29e856c723553f51b3322a494aade39cfaaec82e8856095bac11499041d,16586c461e57039abdce31626319b19132c55c2ff96f9b22a1a755c61807d4f4;f11a04ca5ede5f998d7bd6ff9ac44b9c26d1e013343e4dfe95f90e75d9a5cb9a
hist,ffn,all,0.05289586611580838,0.05502827274840371,0.9821020089153726,,,,,,191,10,4d30f29e,0-4,4d30f29e856c723553f51b3322a494aade39cfaaec82e8856095bac11499041d,16586c461e57039abdce31626319b19132c55c2ff96f9b22a1a755c61807d4f4;f11a04ca5ede5f998d7bd6ff9ac44b9c26d1e013343e4dfe95f90e75d9a5cb9a
hist,ffn,all,0.05502827274840371,0.05716067938099904,0.0,,,,,,191,10,4d30f29e,0-4,4d30f29e856c723553f51b3322a494aade39cfaaec82e8856095bac11499041d,16586c461e57039abdce31626319b19132c55c2ff96f9b22a1a755c61807d4f4;f11a04ca5ede5f998d7bd6ff9ac44b9c26d1e013343e4dfe95f90e75d9a5cb9a
hist,ffn,all,0.05716067938099904,0.05929308601359436,0.4910510044576879,,,,,,191,10,4d30f29e,0-4,4d30f29e856c723553f51b3322a494aade39cfaaec82e8856095bac11499041d,16586c461e57039abdce31626319b19132c55c2ff96f9b22a1a755c61807d4f4;f11a04ca5ede5f998d7bd6ff9ac44b9c26d1e013343e4dfe95f90e75d9a5cb9a
hist,gru,all,-0.02600317929021844,-0.02387077265762312,0.0,,,,,,191,10,4d30f29e,0-4,4d30f29e856c723553f51b3322a494aade39cfaaec82e8856095bac11499041d,16586c461e57039abdce31626319b19132c55c2ff96f9b22a1a755c61807d4f4;f11a04ca5ede5f998d7bd6ff9ac44b9c26d1e013343e4dfe95f90e75d9a5cb9a
hist,gru,all,-0.02387077265762312,-0.0217383660250278,0.0,,,,,,191,10,4d30f29e,0-4,4d30f29e856c723553f51b3322a494aade39cfaaec82e8856095bac11499041d,16586c461e57039abdce31626319b19132c55c2ff96f9b22a1a755c61807d4f4;f11a04ca5ede5f998d7bd6ff9ac44b9c26d1e013343e4dfe95f90e75d9a5cb9a
hist,gru,all,-0.0217383660250278,-0.01960595939243248,0.9821020089153758,,,,,,191,10,4d30f29e,0-4,4d30f29e856c723553f51b3322a494aade39cfaaec82e8856095bac11499041d,16586c461e57039abdce31626319b19132c55c2ff96f9b22a1a755c61807d4f4;f11a04ca5ede5f998d7bd6ff9ac44b9c26d1e013343e4dfe95f90e75d9a5cb9a
hist,gru,all,-0.01960595939243248,-0.017473552759837162,5.892612053492255,,,,,,191,10,4d30f29e,0-4,4d30f29e856c723553f51b3322a494aade39cfaaec82e8856095bac11499041d,16586c461e57039abdce31626319b19132c55c2ff96f9b22a1a755c61807d4f4;f11a04ca5ede5f998d7bd6ff9ac44b9c26d1e013343e4dfe95f90e75d9a5cb9a
hist,gru,all,-0.017473552759837162,-0.015341146127241842,3.928408035661503,,,,,,191,10,4d30f29e,0-4,4d30f29e856c723553f51b3322a494aade39cfaaec82e8856095bac11499041d,16586c461e57039abdce31626319b19132c55c2ff96f9b22a1a755c61807d4f4;f11a04ca5ede5f998d7bd6ff9ac44b9c26d1e013343e4dfe95f90e75d9a5cb9a
hist,gru,all,-0.015341146127241842,-0.013208739494646522,13.74942812481526,,,,,,191,10,4d30f29e,0-4,4d30f29e856c723553f51b3322a494aade39cfaaec82e8856095bac11499041d,16586c461e57039abdce31626319b19132c55c2ff96f9b22a1a755c61807d4f4;f11a04ca5ede5f998d7bd6ff9ac44b9c26d1e013343e4dfe95f90e75d9a5cb9a
hist,gru,all,-0.013208739494646522,-0.011076332862051202,20.133091182765202,,,,,,191,10,4d30f29e,0-4,4d30f29e856c723553f51b3322a494aade39cfaaec82e8856095bac11499041d,16586c461e57039abdce31626319b19132c55c2ff96f9b22a1a755c61807d4f4;f11a04ca5ede5f998d7bd6ff9ac44b9c26d1e013343e4dfe95f90e75d9a5cb9a
hist,gru,all,-0.011076332862051202,-0.008943926229455883,37.31987633878428,,,,,,191,10,4d30f29e,0-4,4d30f29e856c723553f51b3322a494aade39cfaaec82e8856095bac11499041d,16586c461e57039abdce31626319b19132c55c2ff96f9b22a1a755c61807d4f4;f11a04ca5ede5f998d7bd6ff9ac44b9c26d1e013343e4dfe95f90e75d9a5cb9a
hist,gru,all,-0.008943926229455883,-0.006811519596860563,52.05140647251491,,,,,,191,10,4d30f29e,0-4,4d30f29e856c723553f51b3322a494aade39cfaaec82e8856095bac11499041d,16586c461e57039abdce31626319b19132c55c2ff96f9b22a1a755c61807d4f4;f11a04ca5ede5f998d7bd6ff9ac44b9c26d1e013343e4dfe95f90e75d9a5cb9a
hist,gru,all,-0.006811519596860563,-0.004679112964265243,45.66774341456497,,,,,,191,10,4d30f29e,0-4,4d30f29e856c723553f51b3322a494aade39cfaaec82e8856095bac11499041d,16586c461e57039abdce31626319b19132c55c2ff96f9b22a1a755c61807d4f4;f11a04ca5ede5f998d7bd6ff9ac44b9c26d1e013343e4dfe95f90e75d9a5cb9a
hist,gru,all,-0.004679112964265243,-0.0025467063316699234,61.38137555721099,,,,,,191,10,4d30f29e,0-4,4d30f29e856c723553f51b3322a494aade39cfaaec82e8856095bac11499041d,16586c461e57039abdce31626319b19132c55c2ff96f9b22a1a755c61807d4f4;f11a04ca5ede5f998d7bd6ff9ac44b9c26d1e013343e4dfe95f90e75d9a5cb9a
hist,gru,all,-0.0025467063316699234,-0.0004142996990746037,52.05140647251491,,,,,,191,10,4d30f29e,0-4,4d30f29e856c723553f51b3322a494aade39cfaaec82e8856095bac11499041d,16586c461e57039abdce31626319b19132c55c2ff96f9b22a1a755c61807d4f4;f11a04ca5ede5f998d7bd6ff9ac44b9c26d1e013343e4dfe95f90e75d9a5cb9a
hist,gru,all,-0.0004142996990746037,0.001718106933520716,42.721437387818845,,,,,,191,10,4d30f29e,0-4,4d30f29e856c723553f51b3322a494aade39cfaaec82e8856095bac11499041d,16586c461e57039abdce31626319b19132c55c2ff96f9b22a1a755c61807d4f4;f11a04ca5ede5f998d7bd6ff9ac44b9c26d1e013343e4dfe95f90e75d9a5cb9a
hist,gru,all,0.001718106933520716,0.003850513566116036,51.069304463599536,,,,,,191,10,4d30f29e,0-4,4d30f29e856c723553f51b3322a494aade39cfaaec82e8856095bac11499041d,16586c461e57039abdce31626319b19132c55c2ff96f9b22a1a755c61807d4f4;f11a04ca5ede5f998d7bd6ff9ac44b9c26d1e013343e4dfe95f90e75d9a5cb9a
hist,gru,all,0.003850513566116036,0.005982920198711356,31.427264285292026,,,,,,191,10,4d30f29e,0-4,4d30f29e856c723553f51b3322a494aade39cfaaec82e8856095bac11499041d,16586c461e57039abdce31626319b19132c55c2ff96f9b22a1a755c61807d4f4;f11a04ca5ede5f998d7bd6ff9ac44b9c26d1e013343e4dfe95f90e75d9a5cb9a
hist,gru,all,0.005982920198711356,0.008115326831306675,19.642040178307514,,,,,,191,10,4d30f29e,0-4,4d30f29e856c723553f51b3322a494aade39cfaaec82e8856095bac11499041d,16586c461e57039abdce31626319b19132c55c2ff96f9b22a1a755c61807d4f4;f11a04ca5ede5f998d7bd6ff9ac44b9c26d1e013343e4dfe95f90e75d9a5cb9a
hist,gru,all,0.008115326831306675,0.010247733463901995,8.838918080238383,,,,,,191,10,4d30f29e,0-4,4d30f29e856c723553f51b3322a494aade39cfaaec82e8856095bac11499041d,16586c461e57039abdce31626319b19132c55c2ff96f9b22a1a755c61807d4f4;f11a04ca5ede5f998d7bd6ff9ac44b9c26d1e013343e4dfe95f90e75d9a5cb9a
hist,gru,all,0.010247733463901995,0.012380140096497315,2.9463060267461274,,,,,,191,10,4d30f29e,0-4,4d30f29e856c723553f51b3322a494aade39cfaaec82e8856095bac11499041d,16586c461e57039abdce31626319b19132c55c2ff96f9b22a1a755c61807d4f4;f11a04ca5ede5f998d7bd6ff9ac44b9c26d1e013343e4dfe95f90e75d9a5cb9a
hist,gru,all,0.012380140096497315,0.014512546729092635,2.9463060267461274,,,,,,191,10,4d30f29e,0-4,4d30f29e856c723553f51b3322a494aade39cfaaec82e8856095bac11499041d,16586c461e57039abdce31626319b19132c55c2ff96f9b22a1a755c61807d4f4;f11a04ca5ede5f998d7bd6ff9ac44b9c26d1e013343e4dfe95f90e75d9a5cb9a
hist,gru,all,0.014512546729092635,0.016644953361687954,2.9463060267461274,,,,,,191,10,4d30f29e,0-4,4d30f29e856c723553f51b3322a494aade39cfaaec82e8856095bac11499041d,16586c461e57039abdce31626319b19132c55c2ff96f9b22a1a755c61807d4f4;f11a04ca5ede5f998d7bd6ff9ac44b9c26d1e013343e4dfe95f90e75d9a5cb9a
hist,gru,all,0.016644953361687954,0.018777359994283274,1.4731530133730637,,,,,,191,10,4d30f29e,0-4,4d30f29e856c723553f51b3322a494aade39cfaaec82e8856095bac11499041d,16586c461e57039abdce31626319b19132c55c2ff96f9b22a1a755c61807d4f4;f11a04ca5ede5f998d7bd6ff9ac44b9c26d1e013343e4dfe95f90e75d9a5cb9a
hist,gru,all,0.018777359994283274,0.020909766626878594,3.928408035661503,,,,,,191,10,4d30f29e,0-4,4d30f29e856c723553f51b3322a494aade39cfaaec82e8856095bac11499041d,16586c461e57039abdce31626319b19132c55c2ff96f9b22a1a755c61807d4f4;f11a04ca5ede5f998d7bd6ff9ac44b9c26d1e013343e4dfe95f90e75d9a5cb9a
hist,gru,all,0.020909766626878594,0.023042173259473914,3.928408035661503,,,,,,191,10,4d30f29e,0-4,4d30f29e856c723553f51b3322a494aade39cfaaec82e8856095bac11499041d,16586c461e57039abdce31626319b19132c55c2ff96f9b22a1a755c61807d4f4;f11a04ca5ede5f998d7bd6ff9ac44b9c26d1e013343e4dfe95f90e75d9a5cb9a
hist,gru,all,0.023042173259473914,0.025174579892069233,0.0,,,,,,191,10,4d30f29e,0-4,4d30f29e856c723553f51b3322a494aade39cfaaec82e8856095bac11499041d,16586c461e57039abdce31626319b19132c55c2ff96f9b22a1a755c61807d4f4;f11a04ca5ede5f998d7bd6ff9ac44b9c26d1e013343e4dfe95f90e75d9a5cb9a
hist,gru,all,0.025174579892069233,0.027306986524664553,0.9821020089153758,,,,,,191,10,4d30f29e,0-4,4d30f29e856c723553f51b3322a494aade39cfaaec82e8856095bac11499041d,16586c461e57039abdce31626319b19132c55c2ff96f9b22a1a755c61807d4f4;f11a04ca5ede5f998d7bd6ff9ac44b9c26d1e013343e4dfe95f90e75d9a5cb9a
hist,gru,all,0.027306986524664553,0.029439393157259873,0.4910510044576879,,,,,,191,10,4d30f29e,0-4,4d30f29e856c723553f51b3322a494aade39cfaaec82e8856095bac11499041d,16586c461e57039abdce31626319b19132c55c2ff96f9b22a1a755c61807d4f4;f11a04ca5ede5f998d7bd6ff9ac44b9c26d1e013343e4dfe95f90e75d9a5cb9a
hist,gru,all,0.029439393157259873,0.03157179978985519,0.0,,,,,,191,10,4d30f29e,0-4,4d30f29e856c723553f51b3322a494aade39cfaaec82e8856095bac11499041d,16586c461e57039abdce31626319b19132c55c2ff96f9b22a1a755c61807d4f4;f11a04ca5ede5f998d7bd6ff9ac44b9c26d1e013343e4dfe95f90e75d9a5cb9a
hist,gru,all,0.03157179978985519,0.03370420642245051,0.0,,,,,,191,10,4d30f29e,0-4,4d30f29e856c723553f51b3322a494aade39cfaaec82e8856095bac11499041d,16586c461e57039abdce31626319b19132c55c2ff96f9b22a1a755c61807d4f4;f11a04ca5ede5f998d7bd6ff9ac44b9c26d1e013343e4dfe95f90e75d9a5cb9a
hist,gru,all,0.03370420642245051,0.03583661305504583,0.0,,,,,,191,10,4d30f29e,0-4,4d30f29e856c723553f51b3322a494aade39cfaaec82e8856095bac11499041d,16586c461e57039abdce31626319b19132c55c2ff96f9b22a1a755c61807d4f4;f11a04ca5ede5f998d7bd6ff9ac44b9c26d1e013343e4dfe95f90e75d9a5cb9a
hist,gru,all,0.03583661305504583,0.03796901968764115,0.0,,,,,,191,10,4d30f29e,0-4,4d30f29e856c723553f51b3322a494aade39cfaaec82e8856095bac11499041d,16586c461e57039abdce31626319b19132c55c2ff96f9b22a1a755c61807d4f4;f11a04ca5ede5f998d7bd6ff9ac44b9c26d1e013343e4dfe95f90e75d9a5cb9a
hist,gru,all,0.03796901968764115,0.04010142632023648,0.0,,,,,,191,10,4d30f29e,0-4,4d30f29e856c723553f51b3322a494aade39cfaaec82e8856095bac11499041d,16586c461e57039abdce31626319b19132c55c2ff96f9b22a1a755c61807d4f4;f11a04ca5ede5f998d7bd6ff9ac44b9c26d1e013343e4dfe95f90e75d9a5cb9a
hist,gru,all,0.04010142632023648,0.04223383295283179,0.0,,,,,,191,10,4d30f29e,0-4,4d30f29e856c723553f51b3322a494aade39cfaaec82e8856095bac11499041d,16586c461e57039abdce31626319b19132c55c2ff96f9b22a1a755c61807d4f4;f11a04ca5ede5f998d7bd6ff9ac44b9c26d1e013343e4dfe95f90e75d9a5cb9a
hist,gru,all,0.04223383295283179,0.044366239585427104,0.0,,,,,,191,10,4d30f29e,0-4,4d30f29e856c723553f51b3322a494aade39cfaaec82e8856095bac11499041d,16586c461e57039abdce31626319b19132c55c2ff96f9b22a1a755c61807d4f4;f11a04ca5ede5f998d7bd6ff9ac44b9c26d1e013343e4dfe95f90e75d9a5cb9a
hist,gru,all,0.044366239585427104,0.04649864621802243,0.0,,,,,,191,10,4d30f29e,0-4,4d30f29e856c723553f51b3322a494aade39cfaaec82e8856095bac11499041d,16586c461e57039abdce31626319b19132c55c2ff96f9b22a1a755c61807d4f4;f11a04ca5ede5f998d7bd6ff9ac44b9c26d1e013343e4dfe95f90e75d9a5cb9a
hist,gru,all,0.04649864621802243,0.04863105285061776,0.4910510044576863,,,,,,191,10,4d30f29e,0-4,4d30f29e856c723553f51b3322a494aade39cfaaec82e8856095bac11499041d,16586c461e57039abdce31626319b19132c55c2ff96f9b22a1a755c61807d4f4;f11a04ca5ede5f998d7bd6ff9ac44b9c26d1e013343e4dfe95f90e75d9a5cb9a
hist,gru,all,0.04863105285061776,0.05076345948321307,0.0,,,,,,191,10,4d30f29e,0-4,4d30f29e856c723553f51b3322a494aade39cfaaec82e8856095bac11499041d,16586c461e57039abdce31626319b19132c55c2ff96f9b22a1a755c61807d4f4;f11a04ca5ede5f998d7bd6ff9ac44b9c26d1e013343e4dfe95f90e75d9a5cb9a
hist,gru,all,0.05076345948321307,0.05289586611580838,0.0,,,,,,191,10,4d30f29e,0-4,4d30f29e856c723553f51b3322a494aade39cfaaec82e8856095bac11499041d,16586c461e57039abdce31626319b19132c55c2ff96f9b22a1a755c61807d4f4;f11a04ca5ede5f998d7bd6ff9ac44b9c26d1e013343e4dfe95f90e75d9a5cb9a
hist,gru,all,0.05289586611580838,0.05502827274840371,0.4910510044576863,,,,,,191,10,4d30f29e,0-4,4d30f29e856c723553f51b3322a494aade39cfaaec82e8856095bac11499041d,16586c461e57039abdce31626319b19132c55c2ff96f9b22a1a755c61807d4f4;f11a04ca5ede5f998d7bd6ff9ac44b9c26d1e013343e4dfe95f90e75d9a5cb9a
hist,gru,all,0.05502827274840371,0.05716067938099904,1.4731530133730588,,,,,,191,10,4d30f29e,0-4,4d30f29e856c723553f51b3322a494aade39cfaaec82e8856095bac11499041d,16586c461e57039abdce31626319b19132c55c2ff96f9b22a1a755c61807d4f4;f11a04ca5ede5f998d7bd6ff9ac44b9c26d1e013343e4dfe95f90e75d9a5cb9a
hist,gru,all,0.05716067938099904,0.05929308601359436,0.0,,,,,,191,10,4d30f29e,0-4,4d30f29e856c723553f51b3322a494aade39cfaaec82e8856095bac11499041d,16586c461e57039abdce31626319b19132c55c2ff96f9b22a1a755c61807d4f4;f11a04ca5ede5f998d7bd6ff9ac44b9c26d1e013343e4dfe95f90e75d9a5cb9a
hist,sig2,all,-0.02600317929021844,-0.02387077265762312,0.0,,,,,,191,10,4d30f29e,0-4,4d30f29e856c723553f51b3322a494aade39cfaaec82e8856095bac11499041d,16586c461e57039abdce31626319b19132c55c2ff96f9b22a1a755c61807d4f4;f11a04ca5ede5f998d7bd6ff9ac44b9c26d1e013343e4dfe95f90e75d9a5cb9a
hist,sig2,all,-0.02387077265762312,-0.0217383660250278,0.0,,,,,,191,10,4d30f29e,0-4,4d30f29e856c723553f51b3322a494aade39cfaaec82e8856095bac11499041d,16586c461e57039abdce31626319b19132c55c2ff96f9b22a1a755c61807d4f4;f11a04ca5ede5f998d7bd6ff9ac44b9c26d1e013343e4dfe95f90e75d9a5cb9a
hist,sig2,all,-0.0217383660250278,-0.01960595939243248,0.0,,,,,,191,10,4d30f29e,0-4,4d30f29e856c723553f51b3322a494aade39cfaaec82e8856095bac11499041d,16586c461e57039abdce31626319b19132c55c2ff96f9b22a1a755c61807d4f4;f11a04ca5ede5f998d7bd6ff9ac44b9c26d1e013343e4dfe95f90e75d9a5cb9a
hist,sig2,all,-0.01960595939243248,-0.017473552759837162,4.910510044576879,,,,,,191,10,4d30f29e,0-4,4d30f29e856c723553f51b3322a494aade39cfaaec82e8856095bac11499041d,16586c461e57039abdce31626319b19132c55c2ff96f9b22a1a755c61807d4f4;f11a04ca5ede5f998d7bd6ff9ac44b9c26d1e013343e4dfe95f90e75d9a5cb9a
hist,sig2,all,-0.017473552759837162,-0.015341146127241842,4.910510044576879,,,,,,191,10,4d30f29e,0-4,4d30f29e856c723553f51b3322a494aade39cfaaec82e8856095bac11499041d,16586c461e57039abdce31626319b19132c55c2ff96f9b22a1a755c61807d4f4;f11a04ca5ede5f998d7bd6ff9ac44b9c26d1e013343e4dfe95f90e75d9a5cb9a
hist,sig2,all,-0.015341146127241842,-0.013208739494646522,13.74942812481526,,,,,,191,10,4d30f29e,0-4,4d30f29e856c723553f51b3322a494aade39cfaaec82e8856095bac11499041d,16586c461e57039abdce31626319b19132c55c2ff96f9b22a1a755c61807d4f4;f11a04ca5ede5f998d7bd6ff9ac44b9c26d1e013343e4dfe95f90e75d9a5cb9a
hist,sig2,all,-0.013208739494646522,-0.011076332862051202,19.150989173849826,,,,,,191,10,4d30f29e,0-4,4d30f29e856c723553f51b3322a494aade39cfaaec82e8856095bac11499041d,16586c461e57039abdce31626319b19132c55c2ff96f9b22a1a755c61807d4f4;f11a04ca5ede5f998d7bd6ff9ac44b9c26d1e013343e4dfe95f90e75d9a5cb9a
hist,sig2,all,-0.011076332862051202,-0.008943926229455883,41.24828437444578,,,,,,191,10,4d30f29e,0-4,4d30f29e856c723553f51b3322a494aade39cfaaec82e8856095bac11499041d,16586c461e57039abdce31626319b19132c55c2ff96f9b22a1a755c61807d4f4;f11a04ca5ede5f998d7bd6ff9ac44b9c26d1e013343e4dfe95f90e75d9a5cb9a
hist,sig2,all,-0.008943926229455883,-0.006811519596860563,49.59615145022647,,,,,,191,10,4d30f29e,0-4,4d30f29e856c723553f51b3322a494aade39cfaaec82e8856095bac11499041d,16586c461e57039abdce31626319b19132c55c2ff96f9b22a1a755c61807d4f4;f11a04ca5ede5f998d7bd6ff9ac44b9c26d1e013343e4dfe95f90e75d9a5cb9a
hist,sig2,all,-0.006811519596860563,-0.004679112964265243,44.6856414056496,,,,,,191,10,4d30f29e,0-4,4d30f29e856c723553f51b3322a494aade39cfaaec82e8856095bac11499041d,16586c461e57039abdce31626319b19132c55c2ff96f9b22a1a755c61807d4f4;f11a04ca5ede5f998d7bd6ff9ac44b9c26d1e013343e4dfe95f90e75d9a5cb9a
hist,sig2,all,-0.004679112964265243,-0.0025467063316699234,60.8903245527533,,,,,,191,10,4d30f29e,0-4,4d30f29e856c723553f51b3322a494aade39cfaaec82e8856095bac11499041d,16586c461e57039abdce31626319b19132c55c2ff96f9b22a1a755c61807d4f4;f11a04ca5ede5f998d7bd6ff9ac44b9c26d1e013343e4dfe95f90e75d9a5cb9a
hist,sig2,all,-0.0025467063316699234,-0.0004142996990746037,48.6140494413111,,,,,,191,10,4d30f29e,0-4,4d30f29e856c723553f51b3322a494aade39cfaaec82e8856095bac11499041d,16586c461e57039abdce31626319b19132c55c2ff96f9b22a1a755c61807d4f4;f11a04ca5ede5f998d7bd6ff9ac44b9c26d1e013343e4dfe95f90e75d9a5cb9a
hist,sig2,all,-0.0004142996990746037,0.001718106933520716,43.70353939673422,,,,,,191,10,4d30f29e,0-4,4d30f29e856c723553f51b3322a494aade39cfaaec82e8856095bac11499041d,16586c461e57039abdce31626319b19132c55c2ff96f9b22a1a755c61807d4f4;f11a04ca5ede5f998d7bd6ff9ac44b9c26d1e013343e4dfe95f90e75d9a5cb9a
hist,sig2,all,0.001718106933520716,0.003850513566116036,54.015610490345665,,,,,,191,10,4d30f29e,0-4,4d30f29e856c723553f51b3322a494aade39cfaaec82e8856095bac11499041d,16586c461e57039abdce31626319b19132c55c2ff96f9b22a1a755c61807d4f4;f11a04ca5ede5f998d7bd6ff9ac44b9c26d1e013343e4dfe95f90e75d9a5cb9a
hist,sig2,all,0.003850513566116036,0.005982920198711356,30.44516227637665,,,,,,191,10,4d30f29e,0-4,4d30f29e856c723553f51b3322a494aade39cfaaec82e8856095bac11499041d,16586c461e57039abdce31626319b19132c55c2ff96f9b22a1a755c61807d4f4;f11a04ca5ede5f998d7bd6ff9ac44b9c26d1e013343e4dfe95f90e75d9a5cb9a
hist,sig2,all,0.005982920198711356,0.008115326831306675,20.133091182765202,,,,,,191,10,4d30f29e,0-4,4d30f29e856c723553f51b3322a494aade39cfaaec82e8856095bac11499041d,16586c461e57039abdce31626319b19132c55c2ff96f9b22a1a755c61807d4f4;f11a04ca5ede5f998d7bd6ff9ac44b9c26d1e013343e4dfe95f90e75d9a5cb9a
hist,sig2,all,0.008115326831306675,0.010247733463901995,9.32996908469607,,,,,,191,10,4d30f29e,0-4,4d30f29e856c723553f51b3322a494aade39cfaaec82e8856095bac11499041d,16586c461e57039abdce31626319b19132c55c2ff96f9b22a1a755c61807d4f4;f11a04ca5ede5f998d7bd6ff9ac44b9c26d1e013343e4dfe95f90e75d9a5cb9a
hist,sig2,all,0.010247733463901995,0.012380140096497315,3.928408035661503,,,,,,191,10,4d30f29e,0-4,4d30f29e856c723553f51b3322a494aade39cfaaec82e8856095bac11499041d,16586c461e57039abdce31626319b19132c55c2ff96f9b22a1a755c61807d4f4;f11a04ca5ede5f998d7bd6ff9ac44b9c26d1e013343e4dfe95f90e75d9a5cb9a
hist,sig2,all,0.012380140096497315,0.014512546729092635,5.401561049034567,,,,,,191,10,4d30f29e,0-4,4d30f29e856c723553f51b3322a494aade39cfaaec82e8856095bac11499041d,16586c461e57039abdce31626319b19132c55c2ff96f9b22a1a755c61807d4f4;f11a04ca5ede5f998d7bd6ff9ac44b9c26d1e013343e4dfe95f90e75d9a5cb9a
hist,sig2,all,0.014512546729092635,0.016644953361687954,2.9463060267461274,,,,,,191,10,4d30f29e,0-4,4d30f29e856c723553f51b3322a494aade39cfaaec82e8856095bac11499041d,16586c461e57039abdce31626319b19132c55c2ff96f9b22a1a755c61807d4f4;f11a04ca5ede5f998d7bd6ff9ac44b9c26d1e013343e4dfe95f90e75d9a5cb9a
hist,sig2,all,0.016644953361687954,0.018777359994283274,1.9642040178307516,,,,,,191,10,4d30f29e,0-4,4d30f29e856c723553f51b3322a494aade39cfaaec82e8856095bac11499041d,16586c461e57039abdce31626319b19132c55c2ff96f9b22a1a755c61807d4f4;f11a04ca5ede5f998d7bd6ff9ac44b9c26d1e013343e4dfe95f90e75d9a5cb9a
hist,sig2,all,0.018777359994283274,0.020909766626878594,2.4552550222884393,,,,,,191,10,4d30f29e,0-4,4d30f29e856c723553f51b3322a494aade39cfaaec82e8856095bac11499041d,16586c461e57039abdce31626319b19132c55c2ff96f9b22a1a755c61807d4f4;f11a04ca5ede5f998d7bd6ff9ac44b9c26d1e013343e4dfe95f90e75d9a5cb9a
hist,sig2,all,0.020909766626878594,0.023042173259473914,1.9642040178307516,,,,,,191,10,4d30f29e,0-4,4d30f29e856c723553f51b3322a494aade39cfaaec82e8856095bac11499041d,16586c461e57039abdce31626319b19132c55c2ff96f9b22a1a755c61807d4f4;f11a04ca5ede5f998d7bd6ff9ac44b9c26d1e013343e4dfe95f90e75d9a5cb9a
hist,sig2,all,0.023042173259473914,0.025174579892069233,0.0,,,,,,191,10,4d30f29e,0-4,4d30f29e856c723553f51b3322a494aade39cfaaec82e8856095bac11499041d,16586c461e57039abdce31626319b19132c55c2ff96f9b22a1a755c61807d4f4;f11a04ca5ede5f998d7bd6ff9ac44b9c26d1e013343e4dfe95f90e75d9a5cb9a
hist,sig2,all,0.025174579892069233,0.027306986524664553,0.9821020089153758,,,,,,191,10,4d30f29e,0-4,4d30f29e856c723553f51b3322a494aade39cfaaec82e8856095bac11499041d,16586c461e57039abdce31626319b19132c55c2ff96f9b22a1a755c61807d4f4;f11a04ca5ede5f998d7bd6ff9ac44b9c26d1e013343e4dfe95f90e75d9a5cb9a
hist,sig2,all,0.027306986524664553,0.029439393157259873,1.4731530133730637,,,,,,191,10,4d30f29e,0-4,4d30f29e856c723553f51b3322a494aade39cfaaec82e8856095bac11499041d,16586c461e57039abdce31626319b19132c55c2ff96f9b22a1a755c61807d4f4;f11a04ca5ede5f998d7bd6ff9ac44b9c26d1e013343e4dfe95f90e75d9a5cb9a
hist,sig2,all,0.029439393157259873,0.03157179978985519,0.0,,,,,,191,10,4d30f29e,0-4,4d30f29e856c723553f51b3322a494aade39cfaaec82e8856095bac11499041d,16586c461e57039abdce31626319b19132c55c2ff96f9b22a1a755c61807d4f4;f11a04ca5ede5f998d7bd6ff9ac44b9c26d1e013343e4dfe95f90e75d9a5cb9a
hist,sig2,all,0.03157179978985519,0.03370420642245051,0.0,,,,,,191,10,4d30f29e,0-4,4d30f29e856c723553f51b3322a494aade39cfaaec82e8856095bac11499041d,16586c461e57039abdce31626319b19132c55c2ff96f9b22a1a755c61807d4f4;f11a04ca5ede5f998d7bd6ff9ac44b9c26d1e013343e4dfe95f90e75d9a5cb9a
hist,sig2,all,0.03370420642245051,0.03583661305504583,0.0,,,,,,191,10,4d30f29e,0-4,4d30f29e856c723553f51b3322a494aade39cfaaec82e8856095bac11499041d,16586c461e57039abdce31626319b19132c55c2ff96f9b22a1a755c61807d4f4;f11a04ca5ede5f998d7bd6ff9ac44b9c26d1e013343e4dfe95f90e75d9a5cb9a
hist,sig2,all,0.03583661305504583,0.03796901968764115,0.0,,,,,,191,10,4d30f29e,0-4,4d30f29e856c723553f51b3322a494aade39cfaaec82e8856095bac11499041d,16586c461e57039abdce31626319b19132c55c2ff96f9b22a1a755c61807d4f4;f11a04ca5ede5f998d7bd6ff9ac44b9c26d1e013343e4dfe95f90e75d9a5cb9a
hist,sig2,all,0.03796901968764115,0.04010142632023648,0.0,,,,,,191,10,4d30f29e,0-4,4d30f29e856c723553f51b3322a494aade39cfaaec82e8856095bac11499041d,16586c461e57039abdce31626319b19132c55c2ff96f9b22a1a755c61807d4f4;f11a04ca5ede5f998d7bd6ff9ac44b9c26d1e013343e4dfe95f90e75d9a5cb9a
hist,sig2,all,0.04010142632023648,0.04223383295283179,0.4910510044576895,,,,,,191,10,4d30f29e,0-4,4d30f29e856c723553f51b3322a494aade39cfaaec82e8856095bac11499041d,16586c461e57039abdce31626319b19132c55c2ff96f9b22a1a755c61807d4f4;f11a04ca5ede5f998d7bd6ff9ac44b9c26d1e013343e4dfe95f90e75d9a5cb9a
hist,sig2,all,0.04223383295283179,0.044366239585427104,0.0,,,,,,191,10,4d30f29e,0-4,4d30f29e856c723553f51b3322a494aade39cfaaec82e8856095bac11499041d,16586c461e57039abdce31626319b19132c55c2ff96f9b22a1a755c61807d4f4;f11a04ca5ede5f998d7bd6ff9ac44b9c26d1e013343e4dfe95f90e75d9a5cb9a
hist,sig2,all,0.044366239585427104,0.04649864621802243,0.0,,,,,,191,10,4d30f29e,0-4,4d30f29e856c723553f51b3322a494aade39cfaaec82e8856095bac11499041d,16586c461e57039abdce31626319b19132c55c2ff96f9b22a1a755c61807d4f4;f11a04ca5ede5f998d7bd6ff9ac44b9c26d1e013343e4dfe95f90e75d9a5cb9a
hist,sig2,all,0.04649864621802243,0.04863105285061776,0.4910510044576863,,,,,,191,10,4d30f29e,0-4,4d30f29e856c723553f51b3322a494aade39cfaaec82e8856095bac11499041d,16586c461e57039abdce31626319b19132c55c2ff96f9b22a1a755c61807d4f4;f11a04ca5ede5f998d7bd6ff9ac44b9c26d1e013343e4dfe95f90e75d9a5cb9a
hist,sig2,all,0.04863105285061776,0.05076345948321307,0.4910510044576895,,,,,,191,10,4d30f29e,0-4,4d30f29e856c723553f51b3322a494aade39cfaaec82e8856095bac11499041d,16586c461e57039abdce31626319b19132c55c2ff96f9b22a1a755c61807d4f4;f11a04ca5ede5f998d7bd6ff9ac44b9c26d1e013343e4dfe95f90e75d9a5cb9a
hist,sig2,all,0.05076345948321307,0.05289586611580838,0.0,,,,,,191,10,4d30f29e,0-4,4d30f29e856c723553f51b3322a494aade39cfaaec82e8856095bac11499041d,16586c461e57039abdce31626319b19132c55c2ff96f9b22a1a755c61807d4f4;f11a04ca5ede5f998d7bd6ff9ac44b9c26d1e013343e4dfe95f90e75d9a5cb9a
hist,sig2,all,0.05289586611580838,0.05502827274840371,0.0,,,,,,191,10,4d30f29e,0-4,4d30f29e856c723553f51b3322a494aade39cfaaec82e8856095bac11499041d,16586c461e57039abdce31626319b19132c55c2ff96f9b22a1a755c61807d4f4;f11a04ca5ede5f998d7bd6ff9ac44b9c26d1e013343e4dfe95f90e75d9a5cb9a
hist,sig2,all,0.05502827274840371,0.05716067938099904,0.9821020089153726,,,,,,191,10,4d30f29e,0-4,4d30f29e856c723553f51b3322a494aade39cfaaec82e8856095bac11499041d,16586c461e57039abdce31626319b19132c55c2ff96f9b22a1a755c61807d4f4;f11a04ca5ede5f998d7bd6ff9ac44b9c26d1e013343e4dfe95f90e75d9a5cb9a
hist,sig2,all,0.05716067938099904,0.05929308601359436,0.0,,,,,,191,10,4d30f29e,0-4,4d30f29e856c723553f51b3322a494aade39cfaaec82e8856095bac11499041d,16586c461e57039abdce31626319b19132c55c2ff96f9b22a1a755c61807d4f4;f11a04ca5ede5f998d7bd6ff9ac44b9c26d1e013343e4dfe95f90e75d9a5cb9a
cvar,bs_delta_vix,all,,,,0.01855025868613429,0.010295284123581093,0.027984238664286246,0.0,,191,10,4d30f29e,,4d30f29e856c723553f51b3322a494aade39cfaaec82e8856095bac11499041d,16586c461e57039abdce31626319b19132c55c2ff96f9b22a1a755c61807d4f4;f11a04ca5ede5f998d7bd6ff9ac44b9c26d1e013343e4dfe95f90e75d9a5cb9a
cvar,leland,all,,,,0.018552668461949216,0.010358042307573019,0.0279159191419662,2.409775814928017e-06,1.0,191,10,4d30f29e,,4d30f29e856c723553f51b3322a494aade39cfaaec82e8856095bac11499041d,16586c461e57039abdce31626319b19132c55c2ff96f9b22a1a755c61807d4f4;f11a04ca5ede5f998d7bd6ff9ac44b9c26d1e013343e4dfe95f90e75d9a5cb9a
cvar,ww_band,all,,,,0.01799166289136006,0.01105031356171849,0.02705013614850118,-0.0005585957947742276,1.0,191,10,4d30f29e,,4d30f29e856c723553f51b3322a494aade39cfaaec82e8856095bac11499041d,16586c461e57039abdce31626319b19132c55c2ff96f9b22a1a755c61807d4f4;f11a04ca5ede5f998d7bd6ff9ac44b9c26d1e013343e4dfe95f90e75d9a5cb9a
cvar,ffn,all,,,,0.02088101384230455,0.011664345383593983,0.0315855892743412,0.002330755156170261,1.0,191,10,4d30f29e,0-4,4d30f29e856c723553f51b3322a494aade39cfaaec82e8856095bac11499041d,16586c461e57039abdce31626319b19132c55c2ff96f9b22a1a755c61807d4f4;f11a04ca5ede5f998d7bd6ff9ac44b9c26d1e013343e4dfe95f90e75d9a5cb9a
cvar,gru,all,,,,0.020966825631649016,0.01140294218136754,0.031983810389477646,0.0024165669455147275,1.0,191,10,4d30f29e,0-4,4d30f29e856c723553f51b3322a494aade39cfaaec82e8856095bac11499041d,16586c461e57039abdce31626319b19132c55c2ff96f9b22a1a755c61807d4f4;f11a04ca5ede5f998d7bd6ff9ac44b9c26d1e013343e4dfe95f90e75d9a5cb9a
cvar,sig2,all,,,,0.02035327027537453,0.011752685479764009,0.030379033259069595,0.0018030115892402401,1.0,191,10,4d30f29e,0-4,4d30f29e856c723553f51b3322a494aade39cfaaec82e8856095bac11499041d,16586c461e57039abdce31626319b19132c55c2ff96f9b22a1a755c61807d4f4;f11a04ca5ede5f998d7bd6ff9ac44b9c26d1e013343e4dfe95f90e75d9a5cb9a
cvar,bs_delta_vix,low,,,,0.013685006355692966,0.007490729301514307,0.01934032244206908,0.0,,136,10,4d30f29e,,4d30f29e856c723553f51b3322a494aade39cfaaec82e8856095bac11499041d,16586c461e57039abdce31626319b19132c55c2ff96f9b22a1a755c61807d4f4;f11a04ca5ede5f998d7bd6ff9ac44b9c26d1e013343e4dfe95f90e75d9a5cb9a
cvar,leland,low,,,,0.0137562285725188,0.007440868798674222,0.019489370281151403,7.122221682583432e-05,1.0,136,10,4d30f29e,,4d30f29e856c723553f51b3322a494aade39cfaaec82e8856095bac11499041d,16586c461e57039abdce31626319b19132c55c2ff96f9b22a1a755c61807d4f4;f11a04ca5ede5f998d7bd6ff9ac44b9c26d1e013343e4dfe95f90e75d9a5cb9a
cvar,ww_band,low,,,,0.016251595661043026,0.009554193733681932,0.026277751037531893,0.0025665893053500605,0.3948025987006497,136,10,4d30f29e,,4d30f29e856c723553f51b3322a494aade39cfaaec82e8856095bac11499041d,16586c461e57039abdce31626319b19132c55c2ff96f9b22a1a755c61807d4f4;f11a04ca5ede5f998d7bd6ff9ac44b9c26d1e013343e4dfe95f90e75d9a5cb9a
cvar,ffn,low,,,,0.014547896283071304,0.00907933405020751,0.0185543686833465,0.0008628899273783377,1.0,136,10,4d30f29e,0-4,4d30f29e856c723553f51b3322a494aade39cfaaec82e8856095bac11499041d,16586c461e57039abdce31626319b19132c55c2ff96f9b22a1a755c61807d4f4;f11a04ca5ede5f998d7bd6ff9ac44b9c26d1e013343e4dfe95f90e75d9a5cb9a
cvar,gru,low,,,,0.015299898318675148,0.009694684190161564,0.01962411573577741,0.001614891962982182,1.0,136,10,4d30f29e,0-4,4d30f29e856c723553f51b3322a494aade39cfaaec82e8856095bac11499041d,16586c461e57039abdce31626319b19132c55c2ff96f9b22a1a755c61807d4f4;f11a04ca5ede5f998d7bd6ff9ac44b9c26d1e013343e4dfe95f90e75d9a5cb9a
cvar,sig2,low,,,,0.014717325760029936,0.009516347310454427,0.018489054688731684,0.0010323194043369704,1.0,136,10,4d30f29e,0-4,4d30f29e856c723553f51b3322a494aade39cfaaec82e8856095bac11499041d,16586c461e57039abdce31626319b19132c55c2ff96f9b22a1a755c61807d4f4;f11a04ca5ede5f998d7bd6ff9ac44b9c26d1e013343e4dfe95f90e75d9a5cb9a
cvar,bs_delta_vix,high,,,,0.030038773574021942,0.007449351609125707,0.039317704493226614,0.0,,55,10,4d30f29e,,4d30f29e856c723553f51b3322a494aade39cfaaec82e8856095bac11499041d,16586c461e57039abdce31626319b19132c55c2ff96f9b22a1a755c61807d4f4;f11a04ca5ede5f998d7bd6ff9ac44b9c26d1e013343e4dfe95f90e75d9a5cb9a
cvar,leland,high,,,,0.029857831484591715,0.007751181951365651,0.039050333843205456,-0.00018094208943022702,1.0,55,10,4d30f29e,,4d30f29e856c723553f51b3322a494aade39cfaaec82e8856095bac11499041d,16586c461e57039abdce31626319b19132c55c2ff96f9b22a1a755c61807d4f4;f11a04ca5ede5f998d7bd6ff9ac44b9c26d1e013343e4dfe95f90e75d9a5cb9a
cvar,ww_band,high,,,,0.021632895366178115,0.006362884486980951,0.026777130948250277,-0.008405878207843828,1.0,55,10,4d30f29e,,4d30f29e856c723553f51b3322a494aade39cfaaec82e8856095bac11499041d,16586c461e57039abdce31626319b19132c55c2ff96f9b22a1a755c61807d4f4;f11a04ca5ede5f998d7bd6ff9ac44b9c26d1e013343e4dfe95f90e75d9a5cb9a
cvar,ffn,high,,,,0.03480782576634535,0.009390019518194157,0.0527218831728547,0.0047690521923234065,1.0,55,10,4d30f29e,0-4,4d30f29e856c723553f51b3322a494aade39cfaaec82e8856095bac11499041d,16586c461e57039abdce31626319b19132c55c2ff96f9b22a1a755c61807d4f4;f11a04ca5ede5f998d7bd6ff9ac44b9c26d1e013343e4dfe95f90e75d9a5cb9a
cvar,gru,high,,,,0.03384694952040242,0.008725007265902075,0.05370172948325248,0.0038081759463804744,1.0,55,10,4d30f29e,0-4,4d30f29e856c723553f51b3322a494aade39cfaaec82e8856095bac11499041d,16586c461e57039abdce31626319b19132c55c2ff96f9b22a1a755c61807d4f4;f11a04ca5ede5f998d7bd6ff9ac44b9c26d1e013343e4dfe95f90e75d9a5cb9a
cvar,sig2,high,,,,0.032805547481733276,0.010517458673828322,0.04964761996119616,0.0027667739077113333,1.0,55,10,4d30f29e,0-4,4d30f29e856c723553f51b3322a494aade39cfaaec82e8856095bac11499041d,16586c461e57039abdce31626319b19132c55c2ff96f9b22a1a755c61807d4f4;f11a04ca5ede5f998d7bd6ff9ac44b9c26d1e013343e4dfe95f90e75d9a5cb9a
