profile,recipe,arm,epoch,ru_threshold_v,probe_var95
large,R-GPU,FFN,0,0.0472857728600502,0.08387762308120728
large,R-GPU,FFN,1,0.07886841893196106,0.06303372979164124
large,R-GPU,FFN,2,0.08821239322423935,0.05845671892166138
large,R-GPU,FFN,3,0.08584344387054443,0.060041069984436035
large,R-GPU,FFN,4,0.07892976701259613,0.056711435317993164
large,R-GPU,FFN,5,0.07031423598527908,0.057842522859573364
large,R-GPU,FFN,6,0.0609959214925766,0.05669349431991577
large,R-GPU,FFN,7,0.05394309014081955,0.05492863617837429
large,R-GPU,FFN,8,0.05336913466453552,0.054357483983039856
large,R-GPU,FFN,9,0.05506240203976631,0.054084078408777714
large,R-GPU,FFN,10,0.05481879785656929,0.054374189116060734
large,R-GPU,FFN,11,0.05430695787072182,0.05394039303064346
large,R-GPU,FFN,12,0.054081644862890244,0.05370709300041199
large,R-GPU,FFN,13,0.05441253259778023,0.053985849022865295
large,R-GPU,FFN,14,0.05421489104628563,0.053892482072114944
large,R-GPU,FFN,15,0.05416048318147659,0.053833842277526855
large,R-GPU,FFN,16,0.054243940860033035,0.05348451342433691
large,R-GPU,FFN,17,0.05428915098309517,0.05378328915685415
large,R-GPU,FFN,18,0.054054487496614456,0.05400747060775757
large,R-GPU,FFN,19,0.054004982113838196,0.05373956263065338
large,R-GPU,FFN,20,0.05396260693669319,0.05368354916572571
large,R-GPU,FFN,21,0.05388528108596802,0.0537336440756917
large,R-GPU,FFN,22,0.05391884967684746,0.053699144162237644
large,R-GPU,FFN,23,0.05401355028152466,0.05362562835216522
large,R-GPU,FFN,24,0.05394929647445679,0.05371655523777008
large,R-GPU,FFN,25,0.05401645228266716,0.05373477376997471
large,R-GPU,FFN,26,0.05391986295580864,0.0536164827644825
large,R-GPU,FFN,27,0.05430454760789871,0.05397301912307739
large,R-GPU,FFN,28,0.053748998790979385,0.05355408787727356
large,R-GPU,FFN,29,0.05391106754541397,0.05366212874650955
large,R-GPU,FFN,30,0.053865354508161545,0.053596775978803635
large,R-GPU,FFN,31,0.05363075062632561,0.0530529310926795
large,R-GPU,FFN,32,0.0540158748626709,0.05382509157061577
large,R-GPU,FFN,33,0.05392216145992279,0.053259801119565964
large,R-GPU,FFN,34,0.05327732115983963,0.05346997734159231
large,R-GPU,FFN,35,0.0537593737244606,0.054210118018090725
large,R-GPU,FFN,36,0.05371127277612686,0.053565630689263344
large,R-GPU,FFN,37,0.0536191500723362,0.05344613175839186
large,R-GPU,FFN,38,0.05361452326178551,0.0533439964056015
large,R-GPU,FFN,39,0.05362685024738312,0.05337733030319214
large,R-GPU,FFN,40,0.05365513265132904,0.05316021852195263
large,R-GPU,FFN,41,0.053397286683321,0.05336315557360649
large,R-GPU,FFN,42,0.053987808525562286,0.053883641958236694
large,R-GPU,FFN,43,0.0537148118019104,0.053307926282286644
large,R-GPU,FFN,44,0.05348341166973114,0.053272416815161705
large,R-GPU,FFN,45,0.053720247000455856,0.05318887438625097
large,R-GPU,FFN,46,0.05359150469303131,0.053502947092056274
large,R-GPU,FFN,47,0.05357704311609268,0.053464215248823166
large,R-GPU,FFN,48,0.05344710499048233,0.05303792655467987
large,R-GPU,FFN,49,0.053460415452718735,0.05322003364562988
large,R-GPU,GRU,0,0.04786860570311546,0.08486852794885635
large,R-GPU,GRU,1,0.07962662726640701,0.07211589813232422
large,R-GPU,GRU,2,0.08987855911254883,0.05889071989804506
large,R-GPU,GRU,3,0.08860818296670914,0.06081182137131691
large,R-GPU,GRU,4,0.08212270587682724,0.05980456806719303
large,R-GPU,GRU,5,0.07314501702785492,0.05964854918420315
large,R-GPU,GRU,6,0.0633343830704689,0.058793190866708755
large,R-GPU,GRU,7,0.05688943713903427,0.05894206278026104
large,R-GPU,GRU,8,0.05616344138979912,0.05644301883876324
large,R-GPU,GRU,9,0.057414717972278595,0.0566767081618309
large,R-GPU,GRU,10,0.05667556822299957,0.05562269687652588
large,R-GPU,GRU,11,0.05550535395741463,0.05527913570404053
large,R-GPU,GRU,12,0.0553361177444458,0.05515620671212673
large,R-GPU,GRU,13,0.055323854088783264,0.05488532967865467
large,R-GPU,GRU,14,0.05524883046746254,0.0548170767724514
large,R-GPU,GRU,15,0.05491342395544052,0.05432003736495972
large,R-GPU,GRU,16,0.05485781282186508,0.0545076010748744
large,R-GPU,GRU,17,0.05474046617746353,0.05414746701717377
large,R-GPU,GRU,18,0.054634056985378265,0.054237233474850655
large,R-GPU,GRU,19,0.05450163781642914,0.054328206926584244
large,R-GPU,GRU,20,0.05454617366194725,0.05388188362121582
large,R-GPU,GRU,21,0.054403092712163925,0.05402376130223274
large,R-GPU,GRU,22,0.054213594645261765,0.05367465130984783
large,R-GPU,GRU,23,0.05416952446103096,0.05368904676288366
large,R-GPU,GRU,24,0.05419838801026344,0.053624123334884644
large,R-GPU,GRU,25,0.05410544574260712,0.05387946963310242
large,R-GPU,GRU,26,0.053981438279151917,0.053592259995639324
large,R-GPU,GRU,27,0.05402854084968567,0.05375507473945618
large,R-GPU,GRU,28,0.05397970601916313,0.053506895899772644
large,R-GPU,GRU,29,0.053944189101457596,0.05344899743795395
large,R-GPU,GRU,30,0.05385981872677803,0.05375881306827068
large,R-GPU,GRU,31,0.05389782041311264,0.053529106080532074
large,R-GPU,GRU,32,0.053800348192453384,0.053369246423244476
large,R-GPU,GRU,33,0.05376870185136795,0.053405215963721275
large,R-GPU,GRU,34,0.05366815626621246,0.05347270146012306
large,R-GPU,GRU,35,0.05410565808415413,0.05364063382148743
large,R-GPU,GRU,36,0.05375216528773308,0.05361178144812584
large,R-GPU,GRU,37,0.05360734835267067,0.053676895797252655
large,R-GPU,GRU,38,0.05369902774691582,0.05306206736713648
large,R-GPU,GRU,39,0.053649015724658966,0.053428322076797485
large,R-GPU,GRU,40,0.05356988683342934,0.05330939590930939
large,R-GPU,GRU,41,0.053508516401052475,0.053382810205221176
large,R-GPU,GRU,42,0.053587570786476135,0.053274184465408325
large,R-GPU,GRU,43,0.05345553904771805,0.053199986927211285
large,R-GPU,GRU,44,0.05357268825173378,0.05309109389781952
large,R-GPU,GRU,45,0.05346298962831497,0.053156957030296326
large,R-GPU,GRU,46,0.05336102098226547,0.05349870026111603
large,R-GPU,GRU,47,0.053383518010377884,0.053106993436813354
large,R-GPU,GRU,48,0.053372401744127274,0.0530564459040761
large,R-GPU,GRU,49,0.053316935896873474,0.05293740890920162
large,R-GPU,sig2,0,0.04919253662228584,0.084746353328228
large,R-GPU,sig2,1,0.08221419900655746,0.060038902796804905
large,R-GPU,sig2,2,0.09050026535987854,0.06405296921730042
large,R-GPU,sig2,3,0.0877198651432991,0.06169268488883972
large,R-GPU,sig2,4,0.07982242107391357,0.05927994195371866
large,R-GPU,sig2,5,0.06937050819396973,0.058020709082484245
large,R-GPU,sig2,6,0.05970563367009163,0.057456452399492264
large,R-GPU,sig2,7,0.05442657694220543,0.05575569532811642
large,R-GPU,sig2,8,0.05561456456780434,0.05526900291442871
large,R-GPU,sig2,9,0.05647038295865059,0.05513524264097214
large,R-GPU,sig2,10,0.05525455251336098,0.05455132573843002
large,R-GPU,sig2,11,0.054238203912973404,0.05453643202781677
large,R-GPU,sig2,12,0.054153021425008774,0.054006993770599365
large,R-GPU,sig2,13,0.05395125225186348,0.05357741378247738
large,R-GPU,sig2,14,0.05369427800178528,0.053874194622039795
large,R-GPU,sig2,15,0.05375705286860466,0.05353371985256672
large,R-GPU,sig2,16,0.05355144664645195,0.05376993119716644
large,R-GPU,sig2,17,0.053417567163705826,0.05307879112660885
large,R-GPU,sig2,18,0.05329214408993721,0.053423093631863594
large,R-GPU,sig2,19,0.05329233407974243,0.05363796278834343
large,R-GPU,sig2,20,0.05323224142193794,0.053476035594940186
large,R-GPU,sig2,21,0.053358424454927444,0.05305827781558037
large,R-GPU,sig2,22,0.053155988454818726,0.05298641696572304
large,R-GPU,sig2,23,0.05331231281161308,0.05327498912811279
large,R-GPU,sig2,24,0.05313972383737564,0.052842726930975914
large,R-GPU,sig2,25,0.05325935781002045,0.05292210541665554
large,R-GPU,sig2,26,0.053066954016685486,0.0529403081163764
large,R-GPU,sig2,27,0.05293048545718193,0.05285380035638809
large,R-GPU,sig2,28,0.05308173969388008,0.05267812870442867
large,R-GPU,sig2,29,0.05325315520167351,0.05260896869003773
large,R-GPU,sig2,30,0.05316851660609245,0.05308380722999573
large,R-GPU,sig2,31,0.053042568266391754,0.0528288371860981
large,R-GPU,sig2,32,0.0529475174844265,0.05257898569107056
large,R-GPU,sig2,33,0.053073570132255554,0.05272561777383089
large,R-GPU,sig2,34,0.053000930696725845,0.05270417034626007
large,R-GPU,sig2,35,0.053057968616485596,0.05280838441103697
large,R-GPU,sig2,36,0.0527883879840374,0.05259011685848236
large,R-GPU,sig2,37,0.052966609597206116,0.05272628366947174
large,R-GPU,sig2,38,0.05295842885971069,0.05274498462677002
large,R-GPU,sig2,39,0.05298292636871338,0.052713011391460896
large,R-GPU,sig2,40,0.052967093884944916,0.05296396277844906
large,R-GPU,sig2,41,0.05282903462648392,0.052877023816108704
large,R-GPU,sig2,42,0.05291701853275299,0.052544486708939075
large,R-GPU,sig2,43,0.05284092575311661,0.052585065364837646
large,R-GPU,sig2,44,0.05290130898356438,0.05274894833564758
large,R-GPU,sig2,45,0.05292629450559616,0.05265777371823788
large,R-GPU,sig2,46,0.05283927172422409,0.05279996991157532
large,R-GPU,sig2,47,0.05294306203722954,0.05264244042336941
large,R-GPU,sig2,48,0.05298404023051262,0.05254670977592468
large,R-GPU,sig2,49,0.052978288382291794,0.0525587797164917
large,R-NTBN,FFN,0,0.010000000707805157,0.14229035377502441
large,R-NTBN,FFN,1,0.019810259342193604,0.1012570783495903
large,R-NTBN,FFN,2,0.029566999524831772,0.10593725740909576
large,R-NTBN,FFN,3,0.038863927125930786,0.12075334414839745
large,R-NTBN,FFN,4,0.047706782817840576,0.11416392028331757
large,R-NTBN,FFN,5,0.056074365973472595,0.09557610750198364
large,R-NTBN,FFN,6,0.06396132707595825,0.0988796055316925
large,R-NTBN,FFN,7,0.07133880257606506,0.10432516038417816
large,R-NTBN,FFN,8,0.0781618133187294,0.10576322674751282
large,R-NTBN,FFN,9,0.08459748327732086,0.10589531809091568
large,R-NTBN,FFN,10,0.09072458744049072,0.10495112091302872
large,R-NTBN,FFN,11,0.09632483869791031,0.10329758375883102
large,R-NTBN,FFN,12,0.10142223536968231,0.10084129869937897
large,R-NTBN,FFN,13,0.10601058602333069,0.09803958237171173
large,R-NTBN,FFN,14,0.1100994199514389,0.09511374682188034
large,R-NTBN,FFN,15,0.11369521915912628,0.09318619966506958
large,R-NTBN,FFN,16,0.11682645231485367,0.09168067574501038
large,R-NTBN,FFN,17,0.11951995640993118,0.09007559716701508
large,R-NTBN,FFN,18,0.12179752439260483,0.0885428935289383
large,R-NTBN,FFN,19,0.12368638068437576,0.08837191760540009
large,R-NTBN,FFN,20,0.12522509694099426,0.088571697473526
large,R-NTBN,FFN,21,0.12644484639167786,0.08950060606002808
large,R-NTBN,FFN,22,0.12738384306430817,0.09059180319309235
large,R-NTBN,FFN,23,0.12806373834609985,0.090836301445961
large,R-NTBN,FFN,24,0.12850239872932434,0.09027358889579773
large,R-NTBN,FFN,25,0.12871424853801727,0.08963865041732788
large,R-NTBN,FFN,26,0.1287143975496292,0.08928065001964569
large,R-NTBN,FFN,27,0.12851649522781372,0.08829418569803238
large,R-NTBN,FFN,28,0.12812979519367218,0.08730447292327881
large,R-NTBN,FFN,29,0.12756623327732086,0.0866386741399765
large,R-NTBN,FFN,30,0.12683522701263428,0.08678153157234192
large,R-NTBN,FFN,31,0.12595535814762115,0.0863027423620224
large,R-NTBN,FFN,32,0.12493494153022766,0.08599529415369034
large,R-NTBN,FFN,33,0.12378477305173874,0.08656716346740723
large,R-NTBN,FFN,34,0.12251322716474533,0.0864163190126419
large,R-NTBN,FFN,35,0.12112793326377869,0.08640800416469574
large,R-NTBN,FFN,36,0.11963282525539398,0.08638738095760345
large,R-NTBN,FFN,37,0.11804188042879105,0.08604468405246735
large,R-NTBN,FFN,38,0.11636579781770706,0.0856618732213974
large,R-NTBN,FFN,39,0.1146128699183464,0.08529816567897797
large,R-NTBN,FFN,40,0.11278850585222244,0.08487437665462494
large,R-NTBN,FFN,41,0.11089638620615005,0.08434437215328217
large,R-NTBN,FFN,42,0.10894667357206345,0.0837247222661972
large,R-NTBN,FFN,43,0.1069444939494133,0.0827285647392273
large,R-NTBN,FFN,44,0.10489622503519058,0.08173491060733795
large,R-NTBN,FFN,45,0.10280010849237442,0.08087120950222015
large,R-NTBN,FFN,46,0.10066725313663483,0.07946555316448212
large,R-NTBN,FFN,47,0.09849640727043152,0.07850011438131332
large,R-NTBN,FFN,48,0.0963052436709404,0.07778695225715637
large,R-NTBN,FFN,49,0.09409663826227188,0.07688556611537933
large,R-NTBN,FFN,50,0.09187675267457962,0.07688309252262115
large,R-NTBN,FFN,51,0.08964531123638153,0.0766056701540947
large,R-NTBN,FFN,52,0.08741312474012375,0.07589666545391083
large,R-NTBN,FFN,53,0.08518552780151367,0.074956513941288
large,R-NTBN,FFN,54,0.08296497166156769,0.07319692522287369
large,R-NTBN,FFN,55,0.08075155317783356,0.07133974134922028
large,R-NTBN,FFN,56,0.07855905592441559,0.07002818584442139
large,R-NTBN,FFN,57,0.07638239115476608,0.06956017017364502
large,R-NTBN,FFN,58,0.07423344254493713,0.06903400272130966
large,R-NTBN,FFN,59,0.07211071997880936,0.06685595586895943
large,R-NTBN,FFN,60,0.07003965973854065,0.06482669338583946
large,R-NTBN,FFN,61,0.06799565255641937,0.06369277089834213
large,R-NTBN,FFN,62,0.06602561473846436,0.06250161863863468
large,R-NTBN,FFN,63,0.06411843746900558,0.061240360140800476
large,R-NTBN,FFN,64,0.06230985373258591,0.060335978865623474
large,R-NTBN,FFN,65,0.0605802945792675,0.05931755527853966
large,R-NTBN,FFN,66,0.05895727127790451,0.05875394679605961
large,R-NTBN,FFN,67,0.0574963241815567,0.05799777805805206
large,R-NTBN,FFN,68,0.056205883622169495,0.05730907618999481
large,R-NTBN,FFN,69,0.05509020760655403,0.05656621232628822
large,R-NTBN,FFN,70,0.05532016605138779,0.05596890673041344
large,R-NTBN,FFN,71,0.056112825870513916,0.05562524497509003
large,R-NTBN,FFN,72,0.056399352848529816,0.05582079291343689
large,R-NTBN,FFN,73,0.055347830057144165,0.05530752241611481
large,R-NTBN,FFN,74,0.05453759431838989,0.0553777739405632
large,R-NTBN,FFN,75,0.05395278334617615,0.05524936690926552
large,R-NTBN,FFN,76,0.05363998934626579,0.05496486648917198
large,R-NTBN,FFN,77,0.05393226072192192,0.0554032176733017
large,R-NTBN,FFN,78,0.05442681908607483,0.05578400567173958
large,R-NTBN,FFN,79,0.05493949353694916,0.05565005540847778
large,R-NTBN,FFN,80,0.055408671498298645,0.05607662536203861
large,R-NTBN,FFN,81,0.05583309382200241,0.05519731715321541
large,R-NTBN,FFN,82,0.05637127161026001,0.05518071539700031
large,R-NTBN,FFN,83,0.05647559463977814,0.05454604048281908
large,R-NTBN,FFN,84,0.056673694401979446,0.054693182930350304
large,R-NTBN,FFN,85,0.05680586397647858,0.05496235191822052
large,R-NTBN,FFN,86,0.056835711002349854,0.05495782196521759
large,R-NTBN,FFN,87,0.056775156408548355,0.055015034042298794
large,R-NTBN,FFN,88,0.05663271248340607,0.054931968450546265
large,R-NTBN,FFN,89,0.056417979300022125,0.05479540675878525
large,R-NTBN,FFN,90,0.05616840347647667,0.05496349185705185
large,R-NTBN,FFN,91,0.05590593069791794,0.05494590103626251
large,R-NTBN,FFN,92,0.055630162358284,0.0550938555970788
large,R-NTBN,FFN,93,0.05537808686494827,0.054972466081380844
large,R-NTBN,FFN,94,0.05513203889131546,0.05470921937376261
large,R-NTBN,FFN,95,0.05493107810616493,0.05466592311859131
large,R-NTBN,FFN,96,0.05479247495532036,0.05466827005147934
large,R-NTBN,FFN,97,0.054684098809957504,0.05459892749786377
large,R-NTBN,FFN,98,0.054610058665275574,0.05449709948152304
large,R-NTBN,FFN,99,0.0547383688390255,0.05424004793167114
large,R-NTBN,FFN,100,0.05484098941087723,0.054280731827020645
large,R-NTBN,FFN,101,0.05476101487874985,0.05427068844437599
large,R-NTBN,FFN,102,0.05472271889448166,0.05399512127041817
large,R-NTBN,FFN,103,0.054715532809495926,0.05406834650784731
large,R-NTBN,FFN,104,0.05475897341966629,0.054482205770909786
large,R-NTBN,FFN,105,0.054780323058366776,0.054208229295909405
large,R-NTBN,FFN,106,0.05488061532378197,0.05474961269646883
large,R-NTBN,FFN,107,0.05496864393353462,0.054131507873535156
large,R-NTBN,FFN,108,0.05501345917582512,0.054392472840845585
large,R-NTBN,FFN,109,0.055029429495334625,0.05389627814292908
large,R-NTBN,FFN,110,0.05500665307044983,0.054473903961479664
large,R-NTBN,FFN,111,0.055005911737680435,0.05379392206668854
large,R-NTBN,FFN,112,0.05496925115585327,0.05429472588002682
large,R-NTBN,FFN,113,0.05491478741168976,0.05399531126022339
large,R-NTBN,FFN,114,0.05482548847794533,0.05438799411058426
large,R-NTBN,FFN,115,0.05476444214582443,0.05379892699420452
large,R-NTBN,FFN,116,0.054709143936634064,0.05409637372940779
large,R-NTBN,FFN,117,0.05463474243879318,0.05388785991817713
large,R-NTBN,FFN,118,0.054566290229558945,0.054277779534459114
large,R-NTBN,FFN,119,0.05452282354235649,0.05393409729003906
large,R-NTBN,GRU,0,0.009999999776482582,0.10186892747879028
large,R-NTBN,GRU,1,0.019941367208957672,0.10039080679416656
large,R-NTBN,GRU,2,0.029894212260842323,0.09546610713005066
large,R-NTBN,GRU,3,0.03970365971326828,0.09512995183467865
large,R-NTBN,GRU,4,0.04898332431912422,0.09562818706035614
large,R-NTBN,GRU,5,0.05770362541079521,0.09443493187427521
large,R-NTBN,GRU,6,0.0658157616853714,0.08767679333686829
large,R-NTBN,GRU,7,0.07326152175664902,0.08646668493747711
large,R-NTBN,GRU,8,0.08001731336116791,0.08828586339950562
large,R-NTBN,GRU,9,0.08607503771781921,0.08879724889993668
large,R-NTBN,GRU,10,0.09141611307859421,0.08769717067480087
large,R-NTBN,GRU,11,0.09613654762506485,0.08768793940544128
large,R-NTBN,GRU,12,0.10030780732631683,0.08693285286426544
large,R-NTBN,GRU,13,0.10395164042711258,0.08586601912975311
large,R-NTBN,GRU,14,0.10748500376939774,0.08375847339630127
large,R-NTBN,GRU,15,0.1105278804898262,0.08254165202379227
large,R-NTBN,GRU,16,0.11311317980289459,0.08230004459619522
large,R-NTBN,GRU,17,0.115275539457798,0.08111272007226944
large,R-NTBN,GRU,18,0.11704784631729126,0.08098696172237396
large,R-NTBN,GRU,19,0.11846479773521423,0.08134887367486954
large,R-NTBN,GRU,20,0.1195567175745964,0.08098893612623215
large,R-NTBN,GRU,21,0.12035298347473145,0.08104755729436874
large,R-NTBN,GRU,22,0.12088126689195633,0.08083151280879974
large,R-NTBN,GRU,23,0.12116258591413498,0.08118216693401337
large,R-NTBN,GRU,24,0.12121771275997162,0.08072914183139801
large,R-NTBN,GRU,25,0.12106411159038544,0.08063935488462448
large,R-NTBN,GRU,26,0.1207132339477539,0.0805005207657814
large,R-NTBN,GRU,27,0.12018276005983353,0.07999287545681
large,R-NTBN,GRU,28,0.11948298662900925,0.07964497804641724
large,R-NTBN,GRU,29,0.11862741410732269,0.07917097955942154
large,R-NTBN,GRU,30,0.11762440204620361,0.07866005599498749
large,R-NTBN,GRU,31,0.11648379266262054,0.07759367302060127
large,R-NTBN,GRU,32,0.11521396785974503,0.07675232738256454
large,R-NTBN,GRU,33,0.11382315307855606,0.07649444043636322
large,R-NTBN,GRU,34,0.1123182475566864,0.07598071172833443
large,R-NTBN,GRU,35,0.11070942133665085,0.07524409890174866
large,R-NTBN,GRU,36,0.10899998247623444,0.07474170625209808
large,R-NTBN,GRU,37,0.1071992889046669,0.07429477572441101
large,R-NTBN,GRU,38,0.10531441122293472,0.07426834478974342
large,R-NTBN,GRU,39,0.10335308313369751,0.07426610216498375
large,R-NTBN,GRU,40,0.10132147371768951,0.07411409169435501
large,R-NTBN,GRU,41,0.09922811388969421,0.07390288263559341
large,R-NTBN,GRU,42,0.0970805361866951,0.0737314224243164
large,R-NTBN,GRU,43,0.09488990902900696,0.07351430505514145
large,R-NTBN,GRU,44,0.09267080575227737,0.07324860990047455
large,R-NTBN,GRU,45,0.09042585641145706,0.07311844825744629
large,R-NTBN,GRU,46,0.08816415816545486,0.07306665554642677
large,R-NTBN,GRU,47,0.08589685708284378,0.07245615497231483
large,R-NTBN,GRU,48,0.08364075422286987,0.07216867804527283
large,R-NTBN,GRU,49,0.08141354471445084,0.07155651971697807
large,R-NTBN,GRU,50,0.07922369986772537,0.07109658047556877
large,R-NTBN,GRU,51,0.07708792388439178,0.06999971717596054
large,R-NTBN,GRU,52,0.07500266283750534,0.06864839792251587
large,R-NTBN,GRU,53,0.0729936957359314,0.06746245175600052
large,R-NTBN,GRU,54,0.07106948643922806,0.06636634469032288
large,R-NTBN,GRU,55,0.06918696314096451,0.06416945159435272
large,R-NTBN,GRU,56,0.06734097003936768,0.06254484318196774
large,R-NTBN,GRU,57,0.06545281410217285,0.06151040643453598
large,R-NTBN,GRU,58,0.06332094967365265,0.06096137315034866
large,R-NTBN,GRU,59,0.06130651757121086,0.06044836342334747
large,R-NTBN,GRU,60,0.0594356544315815,0.057798102498054504
large,R-NTBN,GRU,61,0.057741980999708176,0.058767544105648994
large,R-NTBN,GRU,62,0.05632312223315239,0.05807073414325714
large,R-NTBN,GRU,63,0.05556333065032959,0.0580168291926384
large,R-NTBN,GRU,64,0.05445730686187744,0.05737261474132538
large,R-NTBN,GRU,65,0.053590741008520126,0.05695858225226402
large,R-NTBN,GRU,66,0.053141865879297256,0.05719299986958504
large,R-NTBN,GRU,67,0.05311717465519905,0.061220720410346985
large,R-NTBN,GRU,68,0.05370659381151199,0.058727189898490906
large,R-NTBN,GRU,69,0.05499701201915741,0.05569950118660927
large,R-NTBN,GRU,70,0.05624392256140709,0.05859856680035591
large,R-NTBN,GRU,71,0.05787329748272896,0.057380855083465576
large,R-NTBN,GRU,72,0.05934850871562958,0.0561324767768383
large,R-NTBN,GRU,73,0.06059752404689789,0.05624637007713318
large,R-NTBN,GRU,74,0.060391634702682495,0.057818952947854996
large,R-NTBN,GRU,75,0.06012661010026932,0.05706705525517464
large,R-NTBN,GRU,76,0.059787966310977936,0.056077927350997925
large,R-NTBN,GRU,77,0.05931144952774048,0.056671470403671265
large,R-NTBN,GRU,78,0.05874406546354294,0.057164641097187996
large,R-NTBN,GRU,79,0.05841247737407684,0.05641341209411621
large,R-NTBN,GRU,80,0.05836355686187744,0.05603810399770737
large,R-NTBN,GRU,81,0.05821523070335388,0.05668925307691097
large,R-NTBN,GRU,82,0.05796777829527855,0.05650496296584606
large,R-NTBN,GRU,83,0.057649120688438416,0.05603113770484924
large,R-NTBN,GRU,84,0.05726947635412216,0.05559478513896465
large,R-NTBN,GRU,85,0.05684223398566246,0.05502073094248772
large,R-NTBN,GRU,86,0.056378256529569626,0.05487436056137085
large,R-NTBN,GRU,87,0.055908557027578354,0.055087700486183167
large,R-NTBN,GRU,88,0.05546478182077408,0.05508749186992645
large,R-NTBN,GRU,89,0.05504114180803299,0.054866015911102295
large,R-NTBN,GRU,90,0.054668303579092026,0.05456164665520191
large,R-NTBN,GRU,91,0.054382845759391785,0.05466055404394865
large,R-NTBN,GRU,92,0.05418245866894722,0.055082276463508606
large,R-NTBN,GRU,93,0.05404910072684288,0.05547274649143219
large,R-NTBN,GRU,94,0.0541866309940815,0.05450374260544777
large,R-NTBN,GRU,95,0.0543208122253418,0.054460590705275536
large,R-NTBN,GRU,96,0.0544990710914135,0.05431463569402695
large,R-NTBN,GRU,97,0.05466027185320854,0.05434792768210173
large,R-NTBN,GRU,98,0.05480359122157097,0.05458948016166687
large,R-NTBN,GRU,99,0.054917965084314346,0.05451399087905884
large,R-NTBN,GRU,100,0.05503803864121437,0.05419960618019104
large,R-NTBN,GRU,101,0.0553857646882534,0.05438920855522156
large,R-NTBN,GRU,102,0.05541552975773811,0.05422761291265488
large,R-NTBN,GRU,103,0.05540555343031883,0.05448167026042938
large,R-NTBN,GRU,104,0.05535148084163666,0.05482758581638336
large,R-NTBN,GRU,105,0.05528412386775017,0.05469807982444763
large,R-NTBN,GRU,106,0.055219799280166626,0.05428934097290039
large,R-NTBN,GRU,107,0.055114950984716415,0.05416227411478758
large,R-NTBN,GRU,108,0.05498134717345238,0.05423920229077339
large,R-NTBN,GRU,109,0.05492522194981575,0.054453909397125244
large,R-NTBN,GRU,110,0.05488501489162445,0.05443700589239597
large,R-NTBN,GRU,111,0.05483606085181236,0.05434022471308708
large,R-NTBN,GRU,112,0.054757703095674515,0.054226189851760864
large,R-NTBN,GRU,113,0.054663628339767456,0.054221659898757935
large,R-NTBN,GRU,114,0.05457582697272301,0.05437687039375305
large,R-NTBN,GRU,115,0.05449103191494942,0.05406630039215088
large,R-NTBN,GRU,116,0.054420121014118195,0.05440935492515564
large,R-NTBN,GRU,117,0.05437035486102104,0.05424115061759949
large,R-NTBN,GRU,118,0.05433976650238037,0.05433604121208191
large,R-NTBN,GRU,119,0.054349254816770554,0.05368778854608536
large,R-NTBN,sig2,0,0.009999998845160007,0.13010531291365623
large,R-NTBN,sig2,1,0.01999031938612461,0.11614903062582016
large,R-NTBN,sig2,2,0.02997831255197525,0.09932513535022736
large,R-NTBN,sig2,3,0.03987361863255501,0.09108223021030426
large,R-NTBN,sig2,4,0.04954400658607483,0.08607053756713867
large,R-NTBN,sig2,5,0.05883351340889931,0.08394356071949005
large,R-NTBN,sig2,6,0.06752947717905045,0.07887059636414051
large,R-NTBN,sig2,7,0.07541460543870926,0.07289959117770195
large,R-NTBN,sig2,8,0.08235105872154236,0.0698113888502121
large,R-NTBN,sig2,9,0.08835301548242569,0.06697943806648254
large,R-NTBN,sig2,10,0.09351973980665207,0.06645870208740234
large,R-NTBN,sig2,11,0.09794937819242477,0.065389484167099
large,R-NTBN,sig2,12,0.1017267107963562,0.06428085267543793
large,R-NTBN,sig2,13,0.10492345690727234,0.06379914283752441
large,R-NTBN,sig2,14,0.10759967565536499,0.06384840793907642
large,R-NTBN,sig2,15,0.10980795323848724,0.06385960057377815
large,R-NTBN,sig2,16,0.1115933433175087,0.06491001695394516
large,R-NTBN,sig2,17,0.11299437284469604,0.06689927540719509
large,R-NTBN,sig2,18,0.11404627561569214,0.06803099811077118
large,R-NTBN,sig2,19,0.11477941274642944,0.06712031364440918
large,R-NTBN,sig2,20,0.11522243171930313,0.0667516440153122
large,R-NTBN,sig2,21,0.11539845913648605,0.06729760020971298
large,R-NTBN,sig2,22,0.11532903462648392,0.06745659559965134
large,R-NTBN,sig2,23,0.11503437906503677,0.06789402663707733
large,R-NTBN,sig2,24,0.11453302949666977,0.06815120577812195
large,R-NTBN,sig2,25,0.11383973807096481,0.06845495477318764
large,R-NTBN,sig2,26,0.11296901106834412,0.06873970478773117
large,R-NTBN,sig2,27,0.11193608492612839,0.06840064749121666
large,R-NTBN,sig2,28,0.1107509657740593,0.06875227391719818
large,R-NTBN,sig2,29,0.10942665487527847,0.06871353834867477
large,R-NTBN,sig2,30,0.10797229409217834,0.06860644370317459
large,R-NTBN,sig2,31,0.10639867186546326,0.06785797700285912
large,R-NTBN,sig2,32,0.10471226274967194,0.06738762371242046
large,R-NTBN,sig2,33,0.10291988402605057,0.06648029014468193
large,R-NTBN,sig2,34,0.10102999955415726,0.06581573188304901
large,R-NTBN,sig2,35,0.09911704063415527,0.0651681125164032
large,R-NTBN,sig2,36,0.09731240570545197,0.06449738331139088
large,R-NTBN,sig2,37,0.09543022513389587,0.0642218291759491
large,R-NTBN,sig2,38,0.09347426891326904,0.06393012404441833
large,R-NTBN,sig2,39,0.09145098179578781,0.06293309293687344
large,R-NTBN,sig2,40,0.08936509490013123,0.06227728724479675
large,R-NTBN,sig2,41,0.08721940964460373,0.061318615451455116
large,R-NTBN,sig2,42,0.08501898497343063,0.06073261611163616
large,R-NTBN,sig2,43,0.08276815712451935,0.05975726619362831
large,R-NTBN,sig2,44,0.08047124743461609,0.05956052336841822
large,R-NTBN,sig2,45,0.07813511788845062,0.05949914362281561
large,R-NTBN,sig2,46,0.07576482743024826,0.05971266329288483
large,R-NTBN,sig2,47,0.07336276769638062,0.059730350971221924
large,R-NTBN,sig2,48,0.07093674689531326,0.059649184346199036
large,R-NTBN,sig2,49,0.06850162893533707,0.05955349933356047
large,R-NTBN,sig2,50,0.06608797609806061,0.05960268899798393
large,R-NTBN,sig2,51,0.06372924149036407,0.059202312491834164
large,R-NTBN,sig2,52,0.061444200575351715,0.05878131836652756
large,R-NTBN,sig2,53,0.05900649353861809,0.05861148238182068
large,R-NTBN,sig2,54,0.05682993307709694,0.0584024153649807
large,R-NTBN,sig2,55,0.05507182702422142,0.05779005214571953
large,R-NTBN,sig2,56,0.053831011056900024,0.05746498703956604
large,R-NTBN,sig2,57,0.053143542259931564,0.056848050095140934
large,R-NTBN,sig2,58,0.052953194826841354,0.05669150594621897
large,R-NTBN,sig2,59,0.05304516851902008,0.05667250044643879
large,R-NTBN,sig2,60,0.05377425625920296,0.05662449076771736
large,R-NTBN,sig2,61,0.05456003174185753,0.05630272999405861
large,R-NTBN,sig2,62,0.055470094084739685,0.05633486807346344
large,R-NTBN,sig2,63,0.05643664672970772,0.05661369860172272
large,R-NTBN,sig2,64,0.05736422538757324,0.05650528520345688
large,R-NTBN,sig2,65,0.058215126395225525,0.05625790357589722
large,R-NTBN,sig2,66,0.05867183953523636,0.056235551834106445
large,R-NTBN,sig2,67,0.058948006480932236,0.05610733479261398
large,R-NTBN,sig2,68,0.05907769128680229,0.0559510700404644
large,R-NTBN,sig2,69,0.0590413399040699,0.05591298919171095
large,R-NTBN,sig2,70,0.058866143226623535,0.056062882766127586
large,R-NTBN,sig2,71,0.05892763286828995,0.05599652696400881
large,R-NTBN,sig2,72,0.05894966050982475,0.05651336908340454
large,R-NTBN,sig2,73,0.058860164135694504,0.05628076195716858
large,R-NTBN,sig2,74,0.05851578712463379,0.05630110576748848
large,R-NTBN,sig2,75,0.057984575629234314,0.05656726844608784
large,R-NTBN,sig2,76,0.057458605617284775,0.05649217590689659
large,R-NTBN,sig2,77,0.056975286453962326,0.05649973265826702
large,R-NTBN,sig2,78,0.05655989795923233,0.056361802853643894
large,R-NTBN,sig2,79,0.05620671436190605,0.05609515309333801
large,R-NTBN,sig2,80,0.05594654381275177,0.055981860496103764
large,R-NTBN,sig2,81,0.05578326806426048,0.05595623515546322
large,R-NTBN,sig2,82,0.055672742426395416,0.0553545318543911
large,R-NTBN,sig2,83,0.05562460422515869,0.055504605174064636
large,R-NTBN,sig2,84,0.0554656982421875,0.05525598116219044
large,R-NTBN,sig2,85,0.05528571829199791,0.05527927540242672
large,R-NTBN,sig2,86,0.05517970025539398,0.05525842495262623
large,R-NTBN,sig2,87,0.05525133013725281,0.05525840353220701
large,R-NTBN,sig2,88,0.055418550968170166,0.055209845304489136
large,R-NTBN,sig2,89,0.05556784197688103,0.055095480754971504
large,R-NTBN,sig2,90,0.055674873292446136,0.05503416620194912
large,R-NTBN,sig2,91,0.05572386831045151,0.055225105956196785
large,R-NTBN,sig2,92,0.05572764575481415,0.055280283093452454
large,R-NTBN,sig2,93,0.05568060278892517,0.05490360967814922
large,R-NTBN,sig2,94,0.05573757365345955,0.05502534285187721
large,R-NTBN,sig2,95,0.055885303765535355,0.05544733442366123
large,R-NTBN,sig2,96,0.0559382289648056,0.05497159622609615
large,R-NTBN,sig2,97,0.055951084941625595,0.055298018269240856
large,R-NTBN,sig2,98,0.05599178001284599,0.055017732083797455
large,R-NTBN,sig2,99,0.05600622668862343,0.05518822092562914
large,R-NTBN,sig2,100,0.05603501573204994,0.055218009278178215
large,R-NTBN,sig2,101,0.0560409277677536,0.05489796120673418
large,R-NTBN,sig2,102,0.055898625403642654,0.05487614870071411
large,R-NTBN,sig2,103,0.05573389306664467,0.05501812882721424
large,R-NTBN,sig2,104,0.05553991720080376,0.05494739767163992
large,R-NTBN,sig2,105,0.055342309176921844,0.05478326976299286
large,R-NTBN,sig2,106,0.055163972079753876,0.05481736734509468
large,R-NTBN,sig2,107,0.05502040311694145,0.05460231378674507
large,R-NTBN,sig2,108,0.05496916547417641,0.054652974009513855
large,R-NTBN,sig2,109,0.05493554100394249,0.0545613169670105
large,R-NTBN,sig2,110,0.05489225685596466,0.054524362087249756
large,R-NTBN,sig2,111,0.054811734706163406,0.0545209851115942
large,R-NTBN,sig2,112,0.054734889417886734,0.05482277274131775
large,R-NTBN,sig2,113,0.0547289103269577,0.05463442578911781
large,R-NTBN,sig2,114,0.05477442592382431,0.055074725300073624
large,R-NTBN,sig2,115,0.054835010319948196,0.05446124076843262
large,R-NTBN,sig2,116,0.0548907145857811,0.05455628037452698
large,R-NTBN,sig2,117,0.05499543994665146,0.05473728198558092
large,R-NTBN,sig2,118,0.055080629885196686,0.05482551082968712
large,R-NTBN,sig2,119,0.05515806004405022,0.0549168586730957
large,R-SIG,FFN,0,0.12247468531131744,0.08642636239528656
large,R-SIG,FFN,1,0.08660117536783218,0.07146382331848145
large,R-SIG,FFN,2,0.057826485484838486,0.05595407262444496
large,R-SIG,FFN,3,0.054713159799575806,0.055666059255599976
large,R-SIG,FFN,4,0.054579511284828186,0.055241212248802185
large,R-SIG,FFN,5,0.0546330027282238,0.05432790517807007
large,R-SIG,FFN,6,0.054182011634111404,0.054603525437414646
large,R-SIG,FFN,7,0.05446714907884598,0.053828248754143715
large,R-SIG,FFN,8,0.054283931851387024,0.05366288684308529
large,R-SIG,FFN,9,0.05407059192657471,0.05407026223838329
large,R-SIG,FFN,10,0.05433868616819382,0.05397295951843262
large,R-SIG,FFN,11,0.05358727648854256,0.054087406024336815
large,R-SIG,FFN,12,0.05475454404950142,0.0530162937939167
large,R-SIG,FFN,13,0.053411051630973816,0.05359556619077921
large,R-SIG,FFN,14,0.05420060455799103,0.053430053405463696
large,R-SIG,FFN,15,0.0527685172855854,0.053634628653526306
large,R-SIG,FFN,16,0.05391848087310791,0.05353996716439724
large,R-SIG,FFN,17,0.05278068780899048,0.05340999364852905
large,R-SIG,FFN,18,0.05491204932332039,0.055433595553040504
large,R-SIG,FFN,19,0.05394093692302704,0.05333070456981659
large,R-SIG,FFN,20,0.053921889513731,0.0540715828537941
large,R-SIG,FFN,21,0.052700452506542206,0.053371354937553406
large,R-SIG,FFN,22,0.05346927046775818,0.05321955680847168
large,R-SIG,FFN,23,0.05346069484949112,0.05366066098213196
large,R-SIG,FFN,24,0.05375351756811142,0.05298798717558384
large,R-SIG,FFN,25,0.05324701964855194,0.05316789448261261
large,R-SIG,FFN,26,0.053427692502737045,0.05330264288932085
large,R-SIG,FFN,27,0.05239693820476532,0.053376078605651855
large,R-SIG,FFN,28,0.05298555642366409,0.05294576659798622
large,R-SIG,FFN,29,0.05474163591861725,0.053341060876846313
large,R-SIG,FFN,30,0.05289711058139801,0.05276215262711048
large,R-SIG,FFN,31,0.053318772464990616,0.05298492684960365
large,R-SIG,FFN,32,0.05337473750114441,0.052861280739307404
large,R-SIG,FFN,33,0.05249622464179993,0.05351400375366211
large,R-SIG,FFN,34,0.053284674882888794,0.0525413453578949
large,R-SIG,FFN,35,0.05317522585391998,0.05262564215809107
large,R-SIG,FFN,36,0.05366696044802666,0.053378719836473465
large,R-SIG,FFN,37,0.05291537940502167,0.05305427312850952
large,R-SIG,FFN,38,0.052960287779569626,0.05299430526793003
large,R-SIG,FFN,39,0.05349740386009216,0.052802830934524536
large,R-SIG,FFN,40,0.05302127078175545,0.05294619407504797
large,R-SIG,FFN,41,0.052183642983436584,0.052819252014160156
large,R-SIG,FFN,42,0.05326160416007042,0.052765198051929474
large,R-SIG,FFN,43,0.05319409817457199,0.05307634174823761
large,R-SIG,FFN,44,0.052411530166864395,0.05263014882802963
large,R-SIG,FFN,45,0.05303620174527168,0.052515012212097645
large,R-SIG,FFN,46,0.05270902439951897,0.05298117082566023
large,R-SIG,FFN,47,0.05322602018713951,0.05252593755722046
large,R-SIG,FFN,48,0.05295601487159729,0.05262216925621033
large,R-SIG,FFN,49,0.052785251289606094,0.05244764685630798
large,R-SIG,FFN,50,0.053141821175813675,0.05308791995048523
large,R-SIG,FFN,51,0.05266890674829483,0.052639211528003216
large,R-SIG,FFN,52,0.05278846248984337,0.052577936090528965
large,R-SIG,FFN,53,0.05297239497303963,0.05281127989292145
large,R-SIG,FFN,54,0.0527927540242672,0.052567279897630215
large,R-SIG,FFN,55,0.052627693861722946,0.05261698365211487
large,R-SIG,FFN,56,0.052588216960430145,0.0527229905128479
large,R-SIG,FFN,57,0.05268360674381256,0.05254899524152279
large,R-SIG,FFN,58,0.05299287289381027,0.05248701572418213
large,R-SIG,FFN,59,0.05257069692015648,0.05269749369472265
large,R-SIG,FFN,60,0.052215974777936935,0.05246840417385101
large,R-SIG,FFN,61,0.05270690843462944,0.05243428610265255
large,R-SIG,FFN,62,0.052804552018642426,0.05264510214328766
large,R-SIG,FFN,63,0.05255439132452011,0.052441999316215515
large,R-SIG,GRU,0,0.12063578516244888,0.07932314276695251
large,R-SIG,GRU,1,0.07930567860603333,0.07058773376047611
large,R-SIG,GRU,2,0.05854300409555435,0.056564267724752426
large,R-SIG,GRU,3,0.055222541093826294,0.05480113625526428
large,R-SIG,GRU,4,0.05426106974482536,0.05485597252845764
large,R-SIG,GRU,5,0.05454837903380394,0.054450780153274536
large,R-SIG,GRU,6,0.05424023047089577,0.05395014025270939
large,R-SIG,GRU,7,0.05471011996269226,0.05399699509143829
large,R-SIG,GRU,8,0.05446954071521759,0.05471639893949032
large,R-SIG,GRU,9,0.05407794937491417,0.05417688749730587
large,R-SIG,GRU,10,0.054269250482320786,0.05335132125765085
large,R-SIG,GRU,11,0.054085373878479004,0.054285925813019276
large,R-SIG,GRU,12,0.0546877384185791,0.054132137447595596
large,R-SIG,GRU,13,0.053499434143304825,0.05363317672163248
large,R-SIG,GRU,14,0.05394445359706879,0.05440146941691637
large,R-SIG,GRU,15,0.05226031318306923,0.053792111575603485
large,R-SIG,GRU,16,0.05414990708231926,0.05367913842201233
large,R-SIG,GRU,17,0.05261318013072014,0.05263113975524902
large,R-SIG,GRU,18,0.05375242978334427,0.053250255063176155
large,R-SIG,GRU,19,0.053832508623600006,0.05354209151118994
large,R-SIG,GRU,20,0.05374613404273987,0.05327949486672878
large,R-SIG,GRU,21,0.05284012854099274,0.05285276472568512
large,R-SIG,GRU,22,0.05336911231279373,0.053151603788137436
large,R-SIG,GRU,23,0.05370211973786354,0.05330514907836914
large,R-SIG,GRU,24,0.05322768911719322,0.05275068897753954
large,R-SIG,GRU,25,0.053103551268577576,0.052315860986709595
large,R-SIG,GRU,26,0.05326864495873451,0.05307093169540167
large,R-SIG,GRU,27,0.051708705723285675,0.05258186161518097
large,R-SIG,GRU,28,0.05336684361100197,0.05323001742362976
large,R-SIG,GRU,29,0.0527811162173748,0.05278749391436577
large,R-SIG,GRU,30,0.053096093237400055,0.05285657849162817
large,R-SIG,GRU,31,0.05263860523700714,0.05292530171573162
large,R-SIG,GRU,32,0.0524640828371048,0.05270029231905937
large,R-SIG,GRU,33,0.05313261225819588,0.05249918159097433
large,R-SIG,GRU,34,0.05269527807831764,0.05271908640861511
large,R-SIG,GRU,35,0.053170572966337204,0.052559888921678066
large,R-SIG,GRU,36,0.052824120968580246,0.05329754948616028
large,R-SIG,GRU,37,0.052677128463983536,0.052674224600195885
large,R-SIG,GRU,38,0.05227115377783775,0.05308734159916639
large,R-SIG,GRU,39,0.052861377596855164,0.05281830485910177
large,R-SIG,GRU,40,0.05290588364005089,0.052671611309051514
large,R-SIG,GRU,41,0.052286017686128616,0.05231720022857189
large,R-SIG,GRU,42,0.05308716744184494,0.052933186292648315
large,R-SIG,GRU,43,0.05341333895921707,0.05266227386891842
large,R-SIG,GRU,44,0.05332207679748535,0.05243050307035446
large,R-SIG,GRU,45,0.05277154594659805,0.05271516740322113
large,R-SIG,GRU,46,0.052760157734155655,0.05258917808532715
large,R-SIG,GRU,47,0.05310368537902832,0.05213126540184021
large,R-SIG,GRU,48,0.052586618810892105,0.05263113975524902
large,R-SIG,GRU,49,0.05268728360533714,0.0526263527572155
large,R-SIG,GRU,50,0.0522405244410038,0.05227310676127672
large,R-SIG,GRU,51,0.05254363641142845,0.05224195308983326
large,R-SIG,GRU,52,0.05316592752933502,0.05289739277213812
large,R-SIG,GRU,53,0.0527874194085598,0.05257870629429817
large,R-SIG,GRU,54,0.05259079858660698,0.05236649513244629
large,R-SIG,GRU,55,0.052716754376888275,0.052593049593269825
large,R-SIG,GRU,56,0.052400853484869,0.052175010554492474
large,R-SIG,GRU,57,0.05252989009022713,0.052444055676460266
large,R-SIG,GRU,58,0.05258602276444435,0.05232392996549606
large,R-SIG,GRU,59,0.05269245430827141,0.05243107955902815
large,R-SIG,GRU,60,0.052176233381032944,0.05225095711648464
large,R-SIG,GRU,61,0.05230584740638733,0.05241604521870613
large,R-SIG,GRU,62,0.05258610472083092,0.05242985486984253
large,R-SIG,GRU,63,0.05239454656839371,0.05229412019252777
large,R-SIG,sig2,0,0.1145428791642189,0.06151768937706947
large,R-SIG,sig2,1,0.06652368605136871,0.05819261260330677
large,R-SIG,sig2,2,0.059348758310079575,0.056501805782318115
large,R-SIG,sig2,3,0.056627094745635986,0.055679332464933395
large,R-SIG,sig2,4,0.055536676198244095,0.05615895800292492
large,R-SIG,sig2,5,0.055287547409534454,0.05539456196129322
large,R-SIG,sig2,6,0.054600879549980164,0.05438586976379156
large,R-SIG,sig2,7,0.05510127171874046,0.054005151614546776
large,R-SIG,sig2,8,0.054912157356739044,0.05381959676742554
large,R-SIG,sig2,9,0.05425914376974106,0.054030537605285645
large,R-SIG,sig2,10,0.053959932178258896,0.05392719805240631
large,R-SIG,sig2,11,0.05420667305588722,0.055101909674704075
large,R-SIG,sig2,12,0.0551026351749897,0.05407114326953888
large,R-SIG,sig2,13,0.05384044349193573,0.053169554099440575
large,R-SIG,sig2,14,0.053160328418016434,0.05379523430019617
large,R-SIG,sig2,15,0.05298728123307228,0.053087931126356125
large,R-SIG,sig2,16,0.05366292595863342,0.053783517330884933
large,R-SIG,sig2,17,0.052887316793203354,0.05300629138946533
large,R-SIG,sig2,18,0.05396769940853119,0.052568672224879265
large,R-SIG,sig2,19,0.053239818662405014,0.05332546029239893
large,R-SIG,sig2,20,0.052811164408922195,0.05383118148893118
large,R-SIG,sig2,21,0.05277841538190842,0.05300340615212917
large,R-SIG,sig2,22,0.053595803678035736,0.053358400240540504
large,R-SIG,sig2,23,0.05323761701583862,0.053035806864500046
large,R-SIG,sig2,24,0.05307811126112938,0.052719563245773315
large,R-SIG,sig2,25,0.053366921842098236,0.0527780968695879
large,R-SIG,sig2,26,0.05360158905386925,0.05341249704360962
large,R-SIG,sig2,27,0.05349353700876236,0.05291895568370819
large,R-SIG,sig2,28,0.05386614799499512,0.052886854857206345
large,R-SIG,sig2,29,0.05372455343604088,0.052753129974007607
large,R-SIG,sig2,30,0.05249427631497383,0.05244308616966009
large,R-SIG,sig2,31,0.05333903431892395,0.05325905978679657
large,R-SIG,sig2,32,0.052953220903873444,0.05234369356185198
large,R-SIG,sig2,33,0.052807409316301346,0.053235433995723724
large,R-SIG,sig2,34,0.052729811519384384,0.052814130671322346
large,R-SIG,sig2,35,0.05263533443212509,0.05276490096002817
large,R-SIG,sig2,36,0.05369191616773605,0.0528637170791626
large,R-SIG,sig2,37,0.05265291407704353,0.052831332199275494
large,R-SIG,sig2,38,0.05304577946662903,0.052776374854147434
large,R-SIG,sig2,39,0.05310790240764618,0.05306941457092762
large,R-SIG,sig2,40,0.053009871393442154,0.05310502648353577
large,R-SIG,sig2,41,0.05231139808893204,0.05295049771666527
large,R-SIG,sig2,42,0.05304703488945961,0.05259486846625805
large,R-SIG,sig2,43,0.05259101092815399,0.0526087274774909
large,R-SIG,sig2,44,0.05231401324272156,0.0525551987811923
large,R-SIG,sig2,45,0.05220085754990578,0.05260166712105274
large,R-SIG,sig2,46,0.05238927900791168,0.052728911861777306
large,R-SIG,sig2,47,0.05323449522256851,0.05229906737804413
large,R-SIG,sig2,48,0.05297006294131279,0.05256564076989889
large,R-SIG,sig2,49,0.05285896360874176,0.05259173363447189
large,R-SIG,sig2,50,0.05264919996261597,0.05249929707497358
large,R-SIG,sig2,51,0.052560318261384964,0.05249600764364004
large,R-SIG,sig2,52,0.05273105204105377,0.05257864575833082
large,R-SIG,sig2,53,0.05307338386774063,0.052500382997095585
large,R-SIG,sig2,54,0.05261129513382912,0.052483320236206055
large,R-SIG,sig2,55,0.052326660603284836,0.0523788882419467
large,R-SIG,sig2,56,0.05238612741231918,0.05262027680873871
large,R-SIG,sig2,57,0.052948057651519775,0.05241770204156637
large,R-SIG,sig2,58,0.05246083438396454,0.05245297495275736
large,R-SIG,sig2,59,0.052602287381887436,0.05257895216345787
large,R-SIG,sig2,60,0.0522884838283062,0.052362069487571716
large,R-SIG,sig2,61,0.052385132759809494,0.05241987109184265
large,R-SIG,sig2,62,0.0528053343296051,0.05257446691393852
large,R-SIG,sig2,63,0.052395861595869064,0.052392118610441685
large,R-DH,FFN,0,0.07853898406028748,0.062490224838256836
large,R-DH,FFN,1,0.08572656661272049,0.06038244068622589
large,R-DH,FFN,2,0.07061081379652023,0.05758921056985855
large,R-DH,FFN,3,0.054192014038562775,0.05532122030854225
large,R-DH,FFN,4,0.05530882626771927,0.05438040476292372
large,R-DH,FFN,5,0.05428013950586319,0.0544053316116333
large,R-DH,FFN,6,0.05444314330816269,0.054024308919906616
large,R-DH,FFN,7,0.05430425703525543,0.053908378817141056
large,R-DH,FFN,8,0.054258912801742554,0.05367966741323471
large,R-DH,FFN,9,0.0541602224111557,0.053670186549425125
large,R-DH,FFN,10,0.05436050146818161,0.05380568094551563
large,R-DH,FFN,11,0.05381454899907112,0.05380821134895086
large,R-DH,FFN,12,0.05398102104663849,0.0536942183971405
large,R-DH,FFN,13,0.05404454469680786,0.053270548582077026
large,R-DH,FFN,14,0.05366384610533714,0.05329896789044142
large,R-DH,FFN,15,0.05366823449730873,0.05337542574852705
large,R-DH,FFN,16,0.05374012887477875,0.053731441497802734
large,R-DH,FFN,17,0.05347919464111328,0.05321208015084267
large,R-DH,FFN,18,0.05385994538664818,0.05377072095870972
large,R-DH,FFN,19,0.053966011852025986,0.05350896716117859
large,R-DH,FFN,20,0.05405498296022415,0.053422966971993446
large,R-DH,FFN,21,0.05346064269542694,0.053468409925699234
large,R-DH,FFN,22,0.05384072661399841,0.05371623672544956
large,R-DH,FFN,23,0.05332871526479721,0.053494811058044434
large,R-DH,FFN,24,0.053671933710575104,0.053320176899433136
large,R-DH,FFN,25,0.05356934666633606,0.05338552035391331
large,R-DH,FFN,26,0.05386301875114441,0.05330135207623243
large,R-DH,FFN,27,0.053822219371795654,0.05335486214607954
large,R-DH,FFN,28,0.05346265435218811,0.053199589252471924
large,R-DH,FFN,29,0.05331241711974144,0.05306132882833481
large,R-DH,FFN,30,0.0534580796957016,0.052850169129669666
large,R-DH,FFN,31,0.05330771580338478,0.05300132557749748
large,R-DH,FFN,32,0.05327601358294487,0.0528069194406271
large,R-DH,FFN,33,0.05297175422310829,0.05290327966213226
large,R-DH,FFN,34,0.05414615944027901,0.053011227399110794
large,R-DH,FFN,35,0.053751856088638306,0.053455562330782413
large,R-DH,FFN,36,0.05330640822649002,0.05332508496940136
large,R-DH,FFN,37,0.05303434655070305,0.053266867995262146
large,R-DH,FFN,38,0.05303209647536278,0.05318502616137266
large,R-DH,FFN,39,0.05337483063340187,0.05284741520881653
large,R-DH,FFN,40,0.053225185722112656,0.05384247191250324
large,R-DH,FFN,41,0.053300030529499054,0.053173959255218506
large,R-DH,FFN,42,0.05309300124645233,0.05306671932339668
large,R-DH,FFN,43,0.05315399914979935,0.053302034735679626
large,R-DH,FFN,44,0.053005144000053406,0.053207376040518284
large,R-DH,FFN,45,0.053048502653837204,0.05338110961019993
large,R-DH,FFN,46,0.053056828677654266,0.05299554765224457
large,R-DH,FFN,47,0.053838424384593964,0.05438002943992615
large,R-DH,FFN,48,0.053415969014167786,0.05310503486543894
large,R-DH,FFN,49,0.05289650335907936,0.052824608981609344
large,R-DH,FFN,50,0.05341627448797226,0.052959561347961426
large,R-DH,FFN,51,0.05269637331366539,0.05307412147521973
large,R-DH,FFN,52,0.05322478711605072,0.05251618102192879
large,R-DH,FFN,53,0.05295475199818611,0.05300176702439785
large,R-DH,FFN,54,0.053145989775657654,0.05279509723186493
large,R-DH,FFN,55,0.05311821028590202,0.0528285950422287
large,R-DH,FFN,56,0.05300484970211983,0.05274595320224762
large,R-DH,FFN,57,0.05292292684316635,0.05276504810899496
large,R-DH,FFN,58,0.052903223782777786,0.053120627999305725
large,R-DH,FFN,59,0.05363203212618828,0.0529212998226285
large,R-DH,FFN,60,0.05317016318440437,0.05265803448855877
large,R-DH,FFN,61,0.052733972668647766,0.05320477485656738
large,R-DH,FFN,62,0.05302030220627785,0.052846670150756836
large,R-DH,FFN,63,0.05283831059932709,0.052766296081244946
large,R-DH,FFN,64,0.05335763469338417,0.053019896149635315
large,R-DH,FFN,65,0.053082555532455444,0.0528879901394248
large,R-DH,FFN,66,0.05296381562948227,0.05264196824282408
large,R-DH,FFN,67,0.05288415402173996,0.05273228883743286
large,R-DH,FFN,68,0.052782218903303146,0.05313011258840561
large,R-DH,FFN,69,0.05290255695581436,0.052797529846429825
large,R-DH,FFN,70,0.05257312022149563,0.05256215948611498
large,R-DH,FFN,71,0.05317601189017296,0.05244274390861392
large,R-DH,FFN,72,0.053430842235684395,0.05353501345962286
large,R-DH,FFN,73,0.053195832297205925,0.052666827104985714
large,R-DH,FFN,74,0.052869634702801704,0.05296065844595432
large,R-DH,FFN,75,0.053012944757938385,0.05327630555257201
large,R-DH,FFN,76,0.053322553634643555,0.05302836326882243
large,R-DH,FFN,77,0.05310667306184769,0.05344640929251909
large,R-DH,FFN,78,0.052865393459796906,0.05252375826239586
large,R-DH,FFN,79,0.05292882025241852,0.05264894664287567
large,R-DH,FFN,80,0.05319170653820038,0.05264988075941801
large,R-DH,FFN,81,0.052831076085567474,0.053268641233444214
large,R-DH,FFN,82,0.05285492166876793,0.05271707847714424
large,R-DH,FFN,83,0.053048375993967056,0.0530033428221941
large,R-DH,FFN,84,0.05318569019436836,0.05276642646640539
large,R-DH,FFN,85,0.05277280509471893,0.05449184775352478
large,R-DH,FFN,86,0.05339056998491287,0.05353531241416931
large,R-DH,FFN,87,0.05269690975546837,0.053247823379933834
large,R-DH,FFN,88,0.05291815102100372,0.05259957257658243
large,R-DH,FFN,89,0.05285611003637314,0.052581802010536194
large,R-DH,FFN,90,0.053216733038425446,0.052418037317693233
large,R-DH,FFN,91,0.05377765744924545,0.05361971165984869
large,R-DH,FFN,92,0.05339939519762993,0.0529506653547287
large,R-DH,FFN,93,0.05335187166929245,0.05271321348845959
large,R-DH,FFN,94,0.052905868738889694,0.05279657244682312
large,R-DH,GRU,0,0.07965633273124695,0.06771563738584518
large,R-DH,GRU,1,0.0878705307841301,0.058713316917419434
large,R-DH,GRU,2,0.07259713113307953,0.06043049320578575
large,R-DH,GRU,3,0.05699196085333824,0.059171974658966064
large,R-DH,GRU,4,0.05777795985341072,0.05689135007560253
large,R-DH,GRU,5,0.055841997265815735,0.055226538330316544
large,R-DH,GRU,6,0.055412061512470245,0.054775357246398926
large,R-DH,GRU,7,0.05509353056550026,0.05462369602173567
large,R-DH,GRU,8,0.05500967428088188,0.05402951594442129
large,R-DH,GRU,9,0.05461713299155235,0.05423116683959961
large,R-DH,GRU,10,0.054580412805080414,0.05396626889705658
large,R-DH,GRU,11,0.054203394800424576,0.053901493549346924
large,R-DH,GRU,12,0.05416823551058769,0.05404652655124664
large,R-DH,GRU,13,0.054043542593717575,0.05426672101020813
large,R-DH,GRU,14,0.05397447943687439,0.05365394428372383
large,R-DH,GRU,15,0.054066333919763565,0.05358304176479578
large,R-DH,GRU,16,0.05389782413840294,0.0536829587072134
large,R-DH,GRU,17,0.05361441150307655,0.053689440712332726
large,R-DH,GRU,18,0.05360502377152443,0.05366915464401245
large,R-DH,GRU,19,0.05387471616268158,0.05370041914284229
large,R-DH,GRU,20,0.053706489503383636,0.05333586037158966
large,R-DH,GRU,21,0.053905412554740906,0.053579360246658325
large,R-DH,GRU,22,0.05356810241937637,0.053438395261764526
large,R-DH,GRU,23,0.053389936685562134,0.053044202737510204
large,R-DH,GRU,24,0.05344461649656296,0.05317813158035278
large,R-DH,GRU,25,0.05369412526488304,0.0529257208108902
large,R-DH,GRU,26,0.05335167422890663,0.0530552938580513
large,R-DH,GRU,27,0.05317673459649086,0.05305946245789528
large,R-DH,GRU,28,0.05341217294335365,0.05295860022306442
large,R-DH,GRU,29,0.05326785519719124,0.052877181209623814
large,R-DH,GRU,30,0.053342245519161224,0.053250071592628956
large,R-DH,GRU,31,0.05339791998267174,0.05280259624123573
large,R-DH,GRU,32,0.053305771201848984,0.052911621518433094
large,R-DH,GRU,33,0.053062617778778076,0.05289313197135925
large,R-DH,GRU,34,0.05353309214115143,0.052776187658309937
large,R-DH,GRU,35,0.05333273112773895,0.0530956145375967
large,R-DH,GRU,36,0.05326399952173233,0.0530693382024765
large,R-DH,GRU,37,0.05297175049781799,0.052844345569610596
large,R-DH,GRU,38,0.05296975001692772,0.05271025002002716
large,R-DH,GRU,39,0.053071316331624985,0.05273197591304779
large,R-DH,GRU,40,0.05307728797197342,0.05301365256309509
large,R-DH,GRU,41,0.05281923711299896,0.053133380599319935
large,R-DH,GRU,42,0.05289704352617264,0.05251442641019821
large,R-DH,GRU,43,0.052866168320178986,0.05284668505191803
large,R-DH,GRU,44,0.05289124697446823,0.05266132950782776
large,R-DH,GRU,45,0.052879687398672104,0.052643824368715286
large,R-DH,GRU,46,0.0532970055937767,0.052607043646276
large,R-DH,GRU,47,0.05323418602347374,0.053206210024654865
large,R-DH,GRU,48,0.05316481739282608,0.05266818776726723
large,R-DH,GRU,49,0.053099531680345535,0.05298703908920288
large,R-DH,GRU,50,0.053229570388793945,0.05258078221231699
large,R-DH,GRU,51,0.05288408696651459,0.05238041281700134
large,R-DH,GRU,52,0.052812959998846054,0.05245359614491463
large,R-DH,GRU,53,0.05287812650203705,0.05226466618478298
large,R-DH,GRU,54,0.053009215742349625,0.052583951503038406
large,R-DH,GRU,55,0.052909355610609055,0.05234867334365845
large,R-DH,GRU,56,0.05273958295583725,0.05246796831488609
large,R-DH,GRU,57,0.052833568304777145,0.052518997341394424
large,R-DH,GRU,58,0.05291687324643135,0.05298096686601639
large,R-DH,GRU,59,0.05272272974252701,0.053395599126815796
large,R-DH,GRU,60,0.05293828994035721,0.05271846428513527
large,R-DH,GRU,61,0.05284067243337631,0.0524049811065197
large,R-DH,GRU,62,0.05285656452178955,0.0524670360609889
large,R-DH,GRU,63,0.05267905816435814,0.05261239409446716
large,R-DH,GRU,64,0.05297113209962845,0.05250361654907465
large,R-DH,GRU,65,0.05287141352891922,0.05285317450761795
large,R-DH,GRU,66,0.052344463765621185,0.05230661667883396
large,R-DH,GRU,67,0.05261145532131195,0.05214262008666992
large,R-DH,GRU,68,0.05260839685797691,0.052545820362865925
large,R-DH,GRU,69,0.052733585238456726,0.05234847217798233
large,R-DH,GRU,70,0.052214205265045166,0.052648644894361496
large,R-DH,GRU,71,0.05288175120949745,0.05214637517929077
large,R-DH,GRU,72,0.05267700180411339,0.05268235784024
large,R-DH,GRU,73,0.05265079811215401,0.05253275390714407
large,R-DH,GRU,74,0.05313838645815849,0.05248967278748751
large,R-DH,GRU,75,0.05260133370757103,0.052094459533691406
large,R-DH,GRU,76,0.05253806710243225,0.052517980337142944
large,R-DH,GRU,77,0.053000785410404205,0.052576541900634766
large,R-DH,GRU,78,0.05280021205544472,0.052723899483680725
large,R-DH,GRU,79,0.05259718373417854,0.05262930318713188
large,R-DH,GRU,80,0.05238940194249153,0.05233966372907162
large,R-DH,GRU,81,0.05294857546687126,0.05245387088507414
large,R-DH,GRU,82,0.05258333683013916,0.052356259897351265
large,R-DH,GRU,83,0.05280720442533493,0.0523638604208827
large,R-DH,GRU,84,0.05282098799943924,0.052355820313096046
large,R-DH,GRU,85,0.052411772310733795,0.05243442486971617
large,R-DH,GRU,86,0.05294620245695114,0.05203612148761749
large,R-DH,GRU,87,0.052513960748910904,0.05274016596376896
large,R-DH,GRU,88,0.052754318341612816,0.05254756473004818
large,R-DH,GRU,89,0.052462805062532425,0.052517909556627274
large,R-DH,GRU,90,0.053295981138944626,0.05239503085613251
large,R-DH,GRU,91,0.052095167338848114,0.05215855408459902
large,R-DH,GRU,92,0.05249887332320213,0.051803264766931534
large,R-DH,GRU,93,0.052700601518154144,0.05205532908439636
large,R-DH,GRU,94,0.052847400307655334,0.05232074856758118
large,R-DH,GRU,95,0.052610769867897034,0.05169607326388359
large,R-DH,GRU,96,0.051467061042785645,0.052704453468322754
large,R-DH,GRU,97,0.052287228405475616,0.05292665958404541
large,R-DH,GRU,98,0.05254046991467476,0.05233731400221586
large,R-DH,GRU,99,0.052429694682359695,0.05214807391166687
large,R-DH,sig2,0,0.0820809006690979,0.06052615866065025
large,R-DH,sig2,1,0.08746024966239929,0.06158225238323212
large,R-DH,sig2,2,0.06918676942586899,0.05782212316989899
large,R-DH,sig2,3,0.0540865883231163,0.05596160143613815
large,R-DH,sig2,4,0.05636707693338394,0.054635170847177505
large,R-DH,sig2,5,0.05437838286161423,0.054030586034059525
large,R-DH,sig2,6,0.05411301180720329,0.05365734361112118
large,R-DH,sig2,7,0.05397411808371544,0.05368005484342575
large,R-DH,sig2,8,0.053632088005542755,0.053116485476493835
large,R-DH,sig2,9,0.05318693816661835,0.05336711648851633
large,R-DH,sig2,10,0.05390537902712822,0.053642213344573975
large,R-DH,sig2,11,0.05349469557404518,0.05309153441339731
large,R-DH,sig2,12,0.05304443836212158,0.053343188017606735
large,R-DH,sig2,13,0.053086455911397934,0.05328451097011566
large,R-DH,sig2,14,0.053260643035173416,0.05275456886738539
large,R-DH,sig2,15,0.05328220874071121,0.05264638364315033
large,R-DH,sig2,16,0.052977968007326126,0.05251790303736925
large,R-DH,sig2,17,0.05295876786112785,0.05269405245780945
large,R-DH,sig2,18,0.05309339985251427,0.052700698375701904
large,R-DH,sig2,19,0.053028207272291183,0.05270358361303806
large,R-DH,sig2,20,0.05284944549202919,0.053054616786539555
large,R-DH,sig2,21,0.052956804633140564,0.05260952189564705
large,R-DH,sig2,22,0.05325363203883171,0.05321815609931946
large,R-DH,sig2,23,0.05312228575348854,0.05276760272681713
large,R-DH,sig2,24,0.0529925562441349,0.05287885665893555
large,R-DH,sig2,25,0.053160663694143295,0.052833463065326214
large,R-DH,sig2,26,0.05286943539977074,0.05261509399861097
large,R-DH,sig2,27,0.05282875522971153,0.05264762043952942
large,R-DH,sig2,28,0.053097374737262726,0.052553292363882065
large,R-DH,sig2,29,0.052786752581596375,0.05271016713231802
large,R-DH,sig2,30,0.052706725895404816,0.052639737725257874
large,R-DH,sig2,31,0.05315348878502846,0.05269866716116667
large,R-DH,sig2,32,0.05318676680326462,0.05277422070503235
large,R-DH,sig2,33,0.05276037007570267,0.05262652039527893
large,R-DH,sig2,34,0.05305502191185951,0.052995771169662476
large,R-DH,sig2,35,0.05276762880384922,0.05270758271217346
large,R-DH,sig2,36,0.05291920714080334,0.052865770645439625
large,R-DH,sig2,37,0.052783455699682236,0.05247074365615845
large,R-DH,sig2,38,0.05281994864344597,0.05259096855297685
large,R-DH,sig2,39,0.0529633816331625,0.052562471479177475
large,R-DH,sig2,40,0.05283316224813461,0.05252674221992493
large,R-DH,sig2,41,0.052771322429180145,0.05261331424117088
large,R-DH,sig2,42,0.05290021561086178,0.05264118639752269
large,R-DH,sig2,43,0.052885351702570915,0.05247771553695202
large,R-DH,sig2,44,0.052864907309412956,0.05284851510077715
large,R-DH,sig2,45,0.05278775468468666,0.0525658680126071
large,R-DH,sig2,46,0.05299118533730507,0.05238610319793224
large,R-DH,sig2,47,0.05291253887116909,0.05275080120190978
large,R-DH,sig2,48,0.052878133952617645,0.05253664404153824
large,R-DH,sig2,49,0.053012995049357414,0.053061243146657944
large,R-DH,sig2,50,0.05298497714102268,0.05268420884385705
large,R-DH,sig2,51,0.05281205475330353,0.05287780659273267
large,R-DH,sig2,52,0.05304240435361862,0.052101667039096355
large,R-DH,sig2,53,0.053068604320287704,0.05292189121246338
large,R-DH,sig2,54,0.052976734936237335,0.05259418487548828
large,R-DH,sig2,55,0.05287427827715874,0.0525822639465332
large,R-DH,sig2,56,0.05265204980969429,0.052105141803622246
large,R-DH,sig2,57,0.05271696299314499,0.052805379033088684
large,R-DH,sig2,58,0.0528741180896759,0.052809521555900574
large,R-DH,sig2,59,0.05267306789755821,0.052753791213035583
large,R-DH,sig2,60,0.05315329506993294,0.052453309297561646
large,R-DH,sig2,61,0.052707452327013016,0.05264199711382389
large,R-DH,sig2,62,0.052863940596580505,0.05227616149932146
large,R-DH,sig2,63,0.052740707993507385,0.053006112575531006
large,R-DH,sig2,64,0.052901994436979294,0.05256599187850952
large,R-DH,sig2,65,0.05295822024345398,0.05218176543712616
large,R-DH,sig2,66,0.05285225063562393,0.05351775884628296
large,R-DH,sig2,67,0.05228990316390991,0.05244584009051323
large,R-DH,sig2,68,0.05315554141998291,0.05256715416908264
large,R-DH,sig2,69,0.052657656371593475,0.05255904793739319
large,R-HOR,FFN,0,0.09120677411556244,0.06579317525029182
large,R-HOR,FFN,1,0.07164441049098969,0.0579545795917511
large,R-HOR,FFN,2,0.05408557504415512,0.054561205208301544
large,R-HOR,FFN,3,0.05433807149529457,0.05404362455010414
large,R-HOR,FFN,4,0.05422088876366615,0.05367289483547211
large,R-HOR,FFN,5,0.05379748344421387,0.053824336268007755
large,R-HOR,FFN,6,0.054188527166843414,0.05400547757744789
large,R-HOR,FFN,7,0.05370151251554489,0.05340833682566881
large,R-HOR,FFN,8,0.05367077887058258,0.05346614867448807
large,R-HOR,FFN,9,0.05387303605675697,0.054193854331970215
large,R-HOR,FFN,10,0.053768135607242584,0.05327008292078972
large,R-HOR,FFN,11,0.05444173514842987,0.0534193255007267
large,R-HOR,FFN,12,0.054017506539821625,0.05336010828614235
large,R-HOR,FFN,13,0.05362052470445633,0.053701046854257584
large,R-HOR,FFN,14,0.05376441776752472,0.053741246461868286
large,R-HOR,FFN,15,0.053628578782081604,0.053069740533828735
large,R-HOR,FFN,16,0.05352829769253731,0.05308990925550461
large,R-HOR,FFN,17,0.05326284468173981,0.053097665309906006
large,R-HOR,FFN,18,0.0535922572016716,0.0532101159915328
large,R-HOR,FFN,19,0.05355098098516464,0.05301078502088785
large,R-HOR,FFN,20,0.05328400805592537,0.053299788385629654
large,R-HOR,FFN,21,0.05322347581386566,0.05303974449634552
large,R-HOR,FFN,22,0.05341700464487076,0.053525447845458984
large,R-HOR,FFN,23,0.053390126675367355,0.05330737493932247
large,R-HOR,FFN,24,0.05352751910686493,0.05254548788070679
large,R-HOR,FFN,25,0.05297338217496872,0.05293336231261492
large,R-HOR,FFN,26,0.05384437367320061,0.05302137043327093
large,R-HOR,FFN,27,0.05294225737452507,0.05326908268034458
large,R-HOR,FFN,28,0.053630631417036057,0.05312408320605755
large,R-HOR,FFN,29,0.05300978943705559,0.05299979727715254
large,R-HOR,FFN,30,0.0530439093708992,0.05273141246289015
large,R-HOR,FFN,31,0.05301419645547867,0.052781579084694386
large,R-HOR,FFN,32,0.05293925851583481,0.053600698709487915
large,R-HOR,FFN,33,0.053122855722904205,0.053116679191589355
large,R-HOR,FFN,34,0.05328221619129181,0.05262003839015961
large,R-HOR,FFN,35,0.052980948239564896,0.053351253271102905
large,R-HOR,FFN,36,0.05302285775542259,0.052581083960831165
large,R-HOR,FFN,37,0.05279594659805298,0.0528133362531662
large,R-HOR,FFN,38,0.052731387317180634,0.053263694047927856
large,R-HOR,FFN,39,0.05317661166191101,0.052775587886571884
large,R-HOR,FFN,40,0.052650388330221176,0.05275970697402954
large,R-HOR,FFN,41,0.053040046244859695,0.052927806973457336
large,R-HOR,FFN,42,0.05300750210881233,0.052683934569358826
large,R-HOR,FFN,43,0.052665289491415024,0.05282990634441376
large,R-HOR,FFN,44,0.053041618317365646,0.05287325382232666
large,R-HOR,FFN,45,0.05301452428102493,0.05245069321244955
large,R-HOR,FFN,46,0.052777089178562164,0.05287259817123413
large,R-HOR,FFN,47,0.05310065299272537,0.0526555310934782
large,R-HOR,FFN,48,0.05260935798287392,0.05270635336637497
large,R-HOR,FFN,49,0.05272277817130089,0.05256116483360529
large,R-HOR,FFN,50,0.052697815001010895,0.052629441022872925
large,R-HOR,FFN,51,0.0525796078145504,0.05289301183074713
large,R-HOR,FFN,52,0.052521608769893646,0.05308770015835762
large,R-HOR,FFN,53,0.05276083946228027,0.05269460566341877
large,R-HOR,FFN,54,0.05324183404445648,0.05359064135700464
large,R-HOR,FFN,55,0.05286993086338043,0.052597759291529655
large,R-HOR,FFN,56,0.052999064326286316,0.05255797505378723
large,R-HOR,FFN,57,0.052669111639261246,0.05292302370071411
large,R-HOR,FFN,58,0.052313052117824554,0.052628546953201294
large,R-HOR,FFN,59,0.05283262953162193,0.0525036221370101
large,R-HOR,FFN,60,0.05355825647711754,0.05236649978905916
large,R-HOR,FFN,61,0.052564363926649094,0.052472748793661594
large,R-HOR,FFN,62,0.05261281877756119,0.05262288823723793
large,R-HOR,FFN,63,0.05290514975786209,0.0527561055496335
large,R-HOR,FFN,64,0.052532859146595,0.05258375220000744
large,R-HOR,FFN,65,0.0529208667576313,0.05305809527635574
large,R-HOR,FFN,66,0.05283880978822708,0.05252742860466242
large,R-HOR,FFN,67,0.052565980702638626,0.05250278115272522
large,R-HOR,FFN,68,0.053027935326099396,0.05279134213924408
large,R-HOR,FFN,69,0.052883464843034744,0.0527297705411911
large,R-HOR,FFN,70,0.053160928189754486,0.05295516736805439
large,R-HOR,FFN,71,0.05315801501274109,0.0527065172791481
large,R-HOR,FFN,72,0.05256423354148865,0.0527074933052063
large,R-HOR,FFN,73,0.05254599452018738,0.05275756120681763
large,R-HOR,FFN,74,0.052699312567710876,0.05257511232048273
large,R-HOR,GRU,0,0.08982037752866745,0.06703167408704758
large,R-HOR,GRU,1,0.0708993673324585,0.059462904930114746
large,R-HOR,GRU,2,0.05616915225982666,0.05663708969950676
large,R-HOR,GRU,3,0.05507022142410278,0.055065752007067204
large,R-HOR,GRU,4,0.05511138588190079,0.054588258266448975
large,R-HOR,GRU,5,0.05470716953277588,0.05417189002037048
large,R-HOR,GRU,6,0.05441625416278839,0.054359257221221924
large,R-HOR,GRU,7,0.0541723370552063,0.053598836064338684
large,R-HOR,GRU,8,0.05407840013504028,0.053602149710059166
large,R-HOR,GRU,9,0.05408243462443352,0.053826361894607544
large,R-HOR,GRU,10,0.053827811032533646,0.05366506427526474
large,R-HOR,GRU,11,0.054025229066610336,0.05360051989555359
large,R-HOR,GRU,12,0.053971290588378906,0.05344055686146021
large,R-HOR,GRU,13,0.05367286503314972,0.053292691707611084
large,R-HOR,GRU,14,0.053634967654943466,0.05275922454893589
large,R-HOR,GRU,15,0.053630851209163666,0.05297252535820007
large,R-HOR,GRU,16,0.05352284014225006,0.053092045709490776
large,R-HOR,GRU,17,0.05303121730685234,0.053544893860816956
large,R-HOR,GRU,18,0.05330771580338478,0.052792295813560486
large,R-HOR,GRU,19,0.053480323404073715,0.05267644673585892
large,R-HOR,GRU,20,0.05349902808666229,0.05275993049144745
large,R-HOR,GRU,21,0.05329909175634384,0.05266484618186951
large,R-HOR,GRU,22,0.05305052176117897,0.0529707670211792
large,R-HOR,GRU,23,0.053141895681619644,0.05290120840072632
large,R-HOR,GRU,24,0.05340554937720299,0.052797019481658936
large,R-HOR,GRU,25,0.05311150103807449,0.052909175865352154
large,R-HOR,GRU,26,0.05286247283220291,0.05294813308864832
large,R-HOR,GRU,27,0.053012579679489136,0.052853599190711975
large,R-HOR,GRU,28,0.053098369389772415,0.052680687978863716
large,R-HOR,GRU,29,0.052740614861249924,0.05270698666572571
large,R-HOR,GRU,30,0.05311950296163559,0.052842334844172
large,R-HOR,GRU,31,0.05293990299105644,0.05251172557473183
large,R-HOR,GRU,32,0.05281587317585945,0.05213887616991997
large,R-HOR,GRU,33,0.05296628177165985,0.053305307403206825
large,R-HOR,GRU,34,0.05269747972488403,0.052341729402542114
large,R-HOR,GRU,35,0.05247672647237778,0.052582889795303345
large,R-HOR,GRU,36,0.05270669236779213,0.05234820116311312
large,R-HOR,GRU,37,0.05271555855870247,0.05243009328842163
large,R-HOR,GRU,38,0.052868761122226715,0.05293929576873779
large,R-HOR,GRU,39,0.05300388112664223,0.05241440515965223
large,R-HOR,GRU,40,0.05262133851647377,0.05253899097442627
large,R-HOR,GRU,41,0.05309164151549339,0.052711768075823784
large,R-HOR,GRU,42,0.052783843129873276,0.05235310085117817
large,R-HOR,GRU,43,0.05258616805076599,0.05270591378211975
large,R-HOR,GRU,44,0.052988093346357346,0.05269140005111694
large,R-HOR,GRU,45,0.05245865881443024,0.05232676863670349
large,R-HOR,GRU,46,0.05251768231391907,0.052504182793200016
large,R-HOR,GRU,47,0.05247298255562782,0.05261169094592333
large,R-HOR,GRU,48,0.05265748128294945,0.05222756043076515
large,R-HOR,GRU,49,0.05210009217262268,0.05282467510551214
large,R-HOR,GRU,50,0.05265428498387337,0.05240274965763092
large,R-HOR,GRU,51,0.05243704095482826,0.0527876615524292
large,R-HOR,GRU,52,0.052561450749635696,0.05218129977583885
large,R-HOR,GRU,53,0.05237921327352524,0.052323758602142334
large,R-HOR,GRU,54,0.052656762301921844,0.05194312799721956
large,R-HOR,GRU,55,0.05267519876360893,0.05187179986387491
large,R-HOR,GRU,56,0.05245383828878403,0.052382633090019226
large,R-HOR,GRU,57,0.05260380730032921,0.0523670818656683
large,R-HOR,GRU,58,0.05225631967186928,0.0519372820854187
large,R-HOR,GRU,59,0.05240783840417862,0.05225330591201782
large,R-HOR,GRU,60,0.05259094759821892,0.05252209398895502
large,R-HOR,GRU,61,0.052342742681503296,0.05287828668951988
large,R-HOR,GRU,62,0.05220549926161766,0.052011797204613686
large,R-HOR,GRU,63,0.052751556038856506,0.052471011877059937
large,R-HOR,GRU,64,0.052594128996133804,0.052105062641203403
large,R-HOR,GRU,65,0.0522550567984581,0.05188055522739887
large,R-HOR,GRU,66,0.05247226357460022,0.05275794863700867
large,R-HOR,GRU,67,0.05209314078092575,0.051714181900024414
large,R-HOR,GRU,68,0.052851006388664246,0.05286765098571777
large,R-HOR,GRU,69,0.05273835361003876,0.052258193492889404
large,R-HOR,GRU,70,0.05255630612373352,0.05233323760330677
large,R-HOR,GRU,71,0.05288605019450188,0.052083441987633705
large,R-HOR,GRU,72,0.05210859701037407,0.052704669535160065
large,R-HOR,GRU,73,0.05210305005311966,0.051881711930036545
large,R-HOR,GRU,74,0.052220940589904785,0.05221631471067667
large,R-HOR,sig2,0,0.09031519293785095,0.0653309915214777
large,R-HOR,sig2,1,0.06773217767477036,0.058309946209192276
large,R-HOR,sig2,2,0.05640847608447075,0.054900952614843845
large,R-HOR,sig2,3,0.05429995805025101,0.05379277467727661
large,R-HOR,sig2,4,0.05378083512187004,0.05350154638290405
large,R-HOR,sig2,5,0.05348139628767967,0.052894169464707375
large,R-HOR,sig2,6,0.05313640460371971,0.0527710160240531
large,R-HOR,sig2,7,0.053413402289152145,0.05281140096485615
large,R-HOR,sig2,8,0.05303771048784256,0.053056538105010986
large,R-HOR,sig2,9,0.053061433136463165,0.05267603322863579
large,R-HOR,sig2,10,0.053041767328977585,0.05255903676152229
large,R-HOR,sig2,11,0.053030986338853836,0.05276788771152496
large,R-HOR,sig2,12,0.05299903452396393,0.052932336926460266
large,R-HOR,sig2,13,0.053094469010829926,0.05259887594729662
large,R-HOR,sig2,14,0.05321222171187401,0.05250651016831398
large,R-HOR,sig2,15,0.053116630762815475,0.05270180385559797
large,R-HOR,sig2,16,0.0528707392513752,0.052506253123283386
large,R-HOR,sig2,17,0.052728746086359024,0.052700954489409924
large,R-HOR,sig2,18,0.05280108004808426,0.052711861208081245
large,R-HOR,sig2,19,0.052871208637952805,0.05248009413480759
large,R-HOR,sig2,20,0.05293048918247223,0.05276832729578018
large,R-HOR,sig2,21,0.05288571119308472,0.05303823109716177
large,R-HOR,sig2,22,0.052829720079898834,0.05252430960536003
large,R-HOR,sig2,23,0.05276297777891159,0.05255115404725075
large,R-HOR,sig2,24,0.052764859050512314,0.05247876048088074
large,R-HOR,sig2,25,0.05279722064733505,0.052566543221473694
large,R-HOR,sig2,26,0.05258362367749214,0.05249466001987457
large,R-HOR,sig2,27,0.05255502834916115,0.05280470196157694
large,R-HOR,sig2,28,0.05281298607587814,0.052659785374999046
large,R-HOR,sig2,29,0.05275948345661163,0.052627707831561565
large,R-HOR,sig2,30,0.05282669886946678,0.052398014813661575
large,R-HOR,sig2,31,0.05272640660405159,0.052305969409644604
large,R-HOR,sig2,32,0.052796605974435806,0.05268062278628349
large,R-HOR,sig2,33,0.0526466928422451,0.05252603814005852
large,R-HOR,sig2,34,0.05283078923821449,0.05241915583610535
large,R-HOR,sig2,35,0.052294738590717316,0.05238279700279236
large,R-HOR,sig2,36,0.0528440847992897,0.05265898071229458
large,R-HOR,sig2,37,0.05245961248874664,0.05231825727969408
large,R-HOR,sig2,38,0.05275283753871918,0.05252215266227722
large,R-HOR,sig2,39,0.052870798856019974,0.05247541517019272
large,R-HOR,sig2,40,0.05281595513224602,0.052420337684452534
large,R-HOR,sig2,41,0.05301376432180405,0.05266380310058594
large,R-HOR,sig2,42,0.05238023027777672,0.05249978136271238
large,R-HOR,sig2,43,0.05221682786941528,0.05260431859642267
large,R-HOR,sig2,44,0.05261331796646118,0.05267374776303768
large,R-HOR,sig2,45,0.05270541086792946,0.05274396948516369
large,R-HOR,sig2,46,0.052593644708395004,0.05254092812538147
large,R-HOR,sig2,47,0.052723776549100876,0.0525518087670207
large,R-HOR,sig2,48,0.05268167704343796,0.05249443091452122
large,R-HOR,sig2,49,0.05256902053952217,0.052457550540566444
large,R-HOR,sig2,50,0.05270686373114586,0.05243108328431845
large,R-HOR,sig2,51,0.05266795679926872,0.05272853374481201
large,R-HOR,sig2,52,0.05249939113855362,0.05251713655889034
large,R-HOR,sig2,53,0.052680447697639465,0.05260168295353651
large,R-HOR,sig2,54,0.05236884206533432,0.0527548948302865
large,R-HOR,sig2,55,0.0528985895216465,0.05247954651713371
large,R-HOR,sig2,56,0.05279219523072243,0.052567314356565475
large,R-HOR,sig2,57,0.05238142982125282,0.052518684417009354
large,R-HOR,sig2,58,0.052385151386260986,0.0523792365565896
large,R-HOR,sig2,59,0.0523238368332386,0.05250386241823435
large,R-HOR,sig2,60,0.05291685089468956,0.05255617946386337
large,R-HOR,sig2,61,0.05234333872795105,0.052518948912620544
large,R-HOR,sig2,62,0.052856236696243286,0.052182236686348915
large,R-HOR,sig2,63,0.05283582583069801,0.05262705683708191
large,R-HOR,sig2,64,0.05256285518407822,0.052471011877059937
large,R-HOR,sig2,65,0.05307284742593765,0.05268779769539833
large,R-HOR,sig2,66,0.0524325929582119,0.05216554459184408
large,R-HOR,sig2,67,0.05236469954252243,0.05224534310400486
large,R-HOR,sig2,68,0.053090259432792664,0.05276930704712868
large,R-HOR,sig2,69,0.05257042124867439,0.05236990004777908
large,R-HOR,sig2,70,0.052855927497148514,0.05276052746921778
large,R-HOR,sig2,71,0.05266695097088814,0.052435314282774925
large,R-HOR,sig2,72,0.052636392414569855,0.052382864989340305
large,R-HOR,sig2,73,0.052312809973955154,0.05242869257926941
large,R-HOR,sig2,74,0.05263931676745415,0.05244991183280945
